info_id,emp_id,number_consumers,dining_table_id,dining_table_name,expenditure,dishes_count,accounts_payable,use_start_time,lock_time,org_id,order_status,phone
1064,1196,8,1506,1027,48,1,48,2016/8/6 19:06,2016/8/6 19:06,330,1,18688880375
874,1111,2,1480,1001,76,6,76,2016/8/28 12:49,2016/8/28 13:04,330,1,18688880113
1320,983,6,1407,1008,78,1,78,2016/8/21 17:16,,328,0,18688880002
1135,1032,3,1484,1005,80,5,80,2016/8/28 17:44,2016/8/28 17:56,330,1,18688880051
1256,1128,6,1486,1007,84,6,84,2016/8/27 21:45,2016/8/27 21:57,330,1,18688880318
290,982,2,1401,1002,92,4,92,2016/8/20 12:08,2016/8/20 12:09,328,1,18688880001
1035,1549,10,1495,1016,95,2,95,2016/8/14 21:35,2016/8/14 21:39,330,1,18688880748
271,990,2,1402,1003,96,4,96,2016/8/25 11:32,2016/8/25 11:47,328,1,18688880009
1130,1134,4,1500,1021,97,5,97,2016/8/21 21:53,2016/8/21 22:02,330,1,18688880320
1128,1093,2,1480,1001,97,6,97,2016/8/27 21:41,2016/8/27 21:52,330,1,18688880107
1054,1152,8,1488,1009,98,3,98,2016/8/6 20:46,2016/8/6 20:58,330,1,18688880326
1207,1084,4,1486,1007,100,5,100,2016/8/27 22:00,2016/8/27 22:02,330,1,18688880104
278,1591,2,1400,1001,108,4,108,2016/8/21 13:43,2016/8/21 13:40,328,1,18688880790
342,1450,2,1402,1003,109,5,109,2016/8/2 11:58,2016/8/2 12:10,328,1,18688880649
236,1001,2,1400,1001,109,4,109,2016/8/29 12:30,2016/8/29 12:34,328,1,18688880020
423,1120,7,1492,1013,110,4,110,2016/8/27 13:40,2016/8/27 13:45,330,1,18688880116
252,1034,2,1401,1002,111,5,111,2016/8/23 13:10,2016/8/23 13:17,328,1,18688880053
480,1071,2,1485,1006,112,5,112,2016/8/19 18:47,2016/8/19 18:51,330,1,18688880096
856,1125,2,1481,1002,113,7,113,2016/8/6 13:45,2016/8/6 13:18,330,1,18688880254
352,1319,3,1403,1004,116,5,116,2016/8/12 12:19,2016/8/12 12:28,328,1,18688880518
201,1478,2,1402,1003,119,5,119,2016/8/7 11:11,2016/8/7 11:19,328,1,18688880677
1174,1152,6,1487,1008,121,8,121,2016/8/6 19:17,2016/8/6 19:20,330,1,18688880281
289,991,2,1402,1003,121,5,121,2016/8/31 11:52,2016/8/31 12:01,328,1,18688880010
1191,1141,6,1487,1008,122,5,122,2016/8/13 18:47,2016/8/13 18:55,330,1,18688880270
1029,1269,2,1480,1001,123,3,123,2016/8/6 21:23,2016/8/6 21:25,330,1,18688880467
1303,1123,6,1487,1008,124,9,124,2016/8/6 22:03,2016/8/6 22:12,330,1,18688880252
199,996,2,1426,1002,124,4,124,2016/8/25 13:58,2016/8/25 14:03,328,1,18688880015
393,1210,4,1484,1005,125,8,125,2016/8/8 11:04,2016/8/8 11:11,330,1,18688880409
842,1200,2,1482,1003,125,6,125,2016/8/13 11:05,2016/8/13 11:11,330,1,18688880379
243,1344,2,1402,1003,125,4,125,2016/8/13 13:31,2016/8/13 13:34,328,1,18688880543
538,1309,6,1487,1008,126,7,126,2016/8/18 19:57,2016/8/18 20:12,330,1,18688880508
885,1024,2,1481,1002,126,7,126,2016/8/28 13:03,2016/8/28 13:16,330,1,18688880043
703,1594,2,1482,1003,127,2,127,2016/8/4 18:54,2016/8/4 19:03,330,1,18688880793
798,1218,2,1480,1001,127,3,127,2016/8/14 11:47,2016/8/14 12:00,330,1,18688880417
1069,1239,2,1482,1003,128,3,128,2016/8/7 20:44,2016/8/7 20:26,330,1,18688880437
535,1179,7,1507,1028,128,6,128,2016/8/16 18:21,2016/8/16 18:31,330,1,18688880358
772,1112,2,1481,1002,129,7,129,2016/8/9 21:16,2016/8/9 21:25,330,1,18688880191
704,1476,2,1481,1002,129,3,129,2016/8/12 19:52,2016/8/12 19:57,330,1,18688880675
399,1167,8,1492,1013,131,4,131,2016/8/6 12:37,2016/8/6 12:48,330,1,18688880331
286,993,2,1401,1002,131,5,131,2016/8/21 12:38,2016/8/21 12:50,328,1,18688880012
200,1340,2,1400,1001,131,4,131,2016/8/21 13:02,2016/8/21 13:11,328,1,18688880539
336,996,2,1406,1007,131,5,131,2016/8/31 13:59,2016/8/31 14:06,328,1,18688880015
1177,1128,3,1502,1023,133,6,133,2016/8/6 19:11,2016/8/6 19:14,330,1,18688880257
1043,1550,5,1487,1008,133,7,133,2016/8/19 21:04,2016/8/29 21:10,330,1,18688880749
860,1118,2,1482,1003,133,3,133,2016/8/20 12:06,2016/8/20 12:09,330,1,18688880215
491,1169,6,1489,1010,134,8,134,2016/8/2 21:36,2016/8/2 21:54,330,1,18688880298
344,1343,2,1402,1003,134,4,134,2016/8/10 13:14,2016/8/10 13:30,328,1,18688880542
1010,1108,9,1495,1016,135,4,135,2016/8/28 21:37,2016/8/28 21:46,330,1,18688880112
543,1160,2,1481,1002,136,7,136,2016/8/14 18:51,2016/8/14 19:04,330,1,18688880289
651,1593,3,1485,1006,137,5,137,2016/8/1 18:12,2016/8/1 18:20,330,1,18688880792
177,1141,2,1401,1002,137,4,137,2016/8/3 12:56,2016/8/3 13:00,328,1,18688880270
449,1167,2,1481,1002,137,6,137,2016/8/21 18:58,2016/8/21 19:03,330,1,18688880331
516,1177,2,1482,1003,138,7,138,2016/8/8 21:48,2016/8/8 22:04,330,1,18688880356
610,1571,6,1489,1010,139,7,139,2016/8/5 18:37,2016/8/5 18:48,330,1,18688880770
632,1440,2,1480,1001,140,10,140,2016/8/17 20:25,2016/8/17 20:33,330,1,18688880639
475,1166,6,1488,1009,142,7,142,2016/8/6 19:05,2016/8/6 19:22,330,1,18688880231
782,1167,2,1480,1001,142,6,142,2016/8/7 11:10,2016/8/7 11:23,330,1,18688880296
540,1127,8,1507,1028,143,6,143,2016/8/8 19:53,2016/8/8 19:59,330,1,18688880256
715,1334,2,1482,1003,143,6,143,2016/8/15 17:00,2016/8/15 17:18,330,1,18688880533
292,989,2,1402,1003,143,4,143,2016/8/26 14:03,2016/8/26 14:04,328,1,18688880008
446,1166,2,1482,1003,143,6,143,2016/8/30 18:06,2016/8/30 18:15,330,1,18688880231
515,1161,2,1482,1003,143,5,143,2016/8/30 21:57,2016/8/30 22:00,330,1,18688880329
305,1008,2,1431,1032,144,8,144,2016/8/23 12:15,2016/8/23 12:32,328,1,18688880027
365,992,2,460,1002,146,6,146,2016/8/2 13:19,2016/8/2 13:29,304,1,18688880011
1101,1214,6,1486,1007,146,6,146,2016/8/14 18:24,2016/8/14 18:38,330,1,18688880413
285,1087,2,1402,1003,147,5,147,2016/8/9 12:20,2016/8/9 12:24,328,1,18688880166
1161,1157,4,1484,1005,148,4,148,2016/8/20 18:29,2016/8/20 18:34,330,1,18688880228
1212,1085,6,1486,1007,148,9,148,2016/8/28 17:46,2016/8/28 17:53,330,1,18688880204
1250,1550,6,1486,1007,149,5,149,2016/8/6 21:57,2016/8/6 22:06,330,1,18688880749
854,1140,2,1481,1002,149,8,149,2016/8/7 13:24,2016/8/7 13:39,330,1,18688880269
277,1231,2,1411,1001,149,5,149,2016/8/15 11:28,2016/8/15 11:46,328,1,18688880429
601,1010,10,1509,1030,152,7,152,2016/8/12 17:25,2016/8/12 17:31,330,1,18688880029
727,1198,2,1480,1001,153,6,153,2016/8/16 21:15,2016/8/16 21:24,330,1,18688880377
493,1100,8,1508,1029,153,4,153,2016/8/22 20:18,2016/8/22 20:19,330,1,18688880209
1108,1140,3,1484,1005,154,5,154,2016/8/6 21:16,2016/8/6 21:33,330,1,18688880322
440,1462,5,1515,1036,154,7,154,2016/8/19 17:05,2016/8/19 17:14,330,1,18688880661
294,990,3,1421,1022,155,5,155,2016/8/10 12:57,2016/8/10 13:12,328,1,18688880009
1202,1122,8,1490,1011,156,7,156,2016/8/14 18:03,2016/8/14 18:44,330,1,18688880316
341,1004,3,1409,1010,156,6,156,2016/8/28 12:04,2016/8/28 12:07,328,1,18688880023
787,1413,2,1481,1002,157,6,157,2016/8/14 13:49,2016/8/14 14:05,330,1,18688880612
550,1118,3,1485,1006,157,7,157,2016/8/15 17:46,2016/8/15 18:02,330,1,18688880197
1259,1115,3,1483,1004,158,4,158,2016/8/4 18:52,2016/8/4 19:03,330,1,18688880194
1195,1588,4,1500,1021,158,4,158,2016/8/20 20:16,2016/8/20 20:31,330,1,18688880787
333,1249,3,1403,1004,159,5,159,2016/8/5 12:01,2016/8/5 12:19,328,1,18688880447
713,1162,2,1481,1002,159,8,159,2016/8/18 18:51,2016/8/18 19:06,330,1,18688880291
678,1183,7,1492,1013,160,7,160,2016/8/10 17:40,2016/8/10 17:55,330,1,18688880362
616,1133,2,1480,1001,160,4,160,2016/8/10 20:34,2016/8/10 20:49,330,1,18688880262
1247,1386,6,1487,1008,160,5,160,2016/8/20 20:50,2016/8/20 21:06,330,1,18688880585
807,1575,2,1480,1001,161,7,161,2016/8/19 12:37,2016/8/21 12:40,330,1,18688880774
353,984,3,1406,1007,163,5,163,2016/8/16 13:05,2016/8/16 13:12,328,1,18688880003
633,1111,8,1492,1013,163,7,163,2016/8/18 19:40,2016/8/18 19:48,330,1,18688880113
671,1084,2,1482,1003,163,8,163,2016/8/30 19:25,2016/8/30 19:44,330,1,18688880104
622,1220,4,1483,1004,164,7,164,2016/8/1 17:40,2016/8/1 17:47,330,1,18688880419
1044,1247,4,1500,1021,164,5,164,2016/8/13 17:08,2016/8/13 17:21,330,1,18688880445
753,1118,2,1482,1003,164,6,164,2016/8/24 20:06,2016/8/24 20:18,330,1,18688880215
775,1087,2,1480,1001,164,6,164,2016/8/29 17:46,2016/8/29 18:02,330,1,18688880105
417,1442,4,1501,1022,165,5,165,2016/8/1 11:05,2016/8/1 11:11,330,1,18688880641
522,1379,8,1508,1029,165,7,165,2016/8/14 20:36,2016/8/14 20:40,330,1,18688880578
1037,1027,4,1483,1004,166,6,166,2016/8/26 21:31,2016/8/26 21:41,330,1,18688880046
452,1114,8,1492,1013,167,7,167,2016/8/1 21:19,2016/8/1 21:29,330,1,18688880193
862,1010,2,1481,1002,167,6,167,2016/8/20 13:39,2016/8/20 13:49,330,1,18688880029
834,1083,2,1480,1001,167,5,167,2016/8/27 11:04,2016/8/27 11:07,330,1,18688880303
631,1188,4,1485,1006,168,6,168,2016/8/2 17:57,2016/8/2 18:00,330,1,18688880367
1168,1548,3,1484,1005,168,10,168,2016/8/14 21:31,2016/8/14 21:38,330,1,18688880747
510,1216,6,1486,1007,169,9,169,2016/8/12 19:09,2016/8/12 19:22,330,1,18688880415
1076,1023,4,1485,1006,169,8,169,2016/8/27 19:01,2016/8/27 19:11,330,1,18688880042
1243,1217,2,1480,1001,170,5,170,2016/8/13 21:43,2016/8/13 21:58,330,1,18688880416
280,1522,2,1402,1003,170,5,170,2016/8/15 12:24,2016/8/15 12:43,328,1,18688880721
401,1456,10,1495,1016,172,6,172,2016/8/17 13:26,2016/8/17 13:42,330,1,18688880655
590,1077,4,1483,1004,172,6,172,2016/8/25 18:37,2016/8/25 18:45,330,1,18688880301
867,1014,2,1482,1003,172,7,172,2016/8/28 11:19,2016/8/28 11:28,330,1,18688880033
1160,1155,8,1490,1011,172,6,172,2016/8/28 20:10,2016/8/28 20:14,330,1,18688880327
843,1270,2,1480,1001,173,6,173,2016/8/13 12:26,2016/8/13 12:41,330,1,18688880468
903,1014,5,1486,1007,173,7,173,2016/8/20 19:00,2016/8/20 19:16,330,1,18688880033
498,1596,8,1507,1028,175,6,175,2016/8/11 20:00,2016/8/11 20:12,330,1,18688880795
276,1033,2,1400,1001,175,5,175,2016/8/24 11:18,2016/8/24 11:22,328,1,18688880052
351,1610,2,1403,1004,176,5,176,2016/8/7 12:23,2016/8/7 12:41,328,1,18688880809
1171,1100,4,1484,1005,176,7,176,2016/8/27 21:57,2016/8/27 21:50,330,1,18688880209
674,1089,6,1503,1024,178,5,178,2016/8/24 19:10,2016/8/24 19:17,330,1,18688880305
239,1087,2,1401,1002,182,4,182,2016/8/7 11:30,2016/8/7 11:40,328,1,18688880166
677,1190,10,1497,1018,183,5,183,2016/8/6 20:48,2016/8/6 21:00,330,1,18688880369
1240,1133,4,1500,1021,183,5,183,2016/8/28 19:45,2016/8/28 19:49,330,1,18688880220
734,1278,2,1481,1002,184,5,184,2016/8/2 18:20,2016/8/2 18:27,330,1,18688880476
396,1533,4,1500,1021,184,6,184,2016/8/7 13:35,2016/8/7 13:44,330,1,18688880732
402,1025,2,1481,1002,184,5,184,2016/8/28 12:26,2016/8/28 12:29,330,1,18688880044
1278,1158,2,1480,1001,185,6,185,2016/8/6 20:40,2016/8/6 20:42,330,1,18688880287
699,1146,2,1480,1001,185,8,185,2016/8/12 18:07,2016/8/12 18:19,330,1,18688880275
178,994,3,1422,1023,185,6,185,2016/8/27 11:17,2016/8/27 11:21,328,1,18688880013
1182,1097,8,1490,1011,185,8,185,2016/8/27 19:03,2016/8/27 19:08,330,1,18688880208
877,1589,3,1483,1004,186,8,186,2016/8/21 12:10,2016/8/21 12:21,330,1,18688880788
541,1151,2,1480,1001,189,7,189,2016/8/5 18:35,2016/8/5 18:52,330,1,18688880280
212,1283,2,1401,1002,189,5,189,2016/8/21 12:26,2016/8/21 12:39,328,1,18688880482
369,1467,8,1490,1011,190,5,190,2016/8/11 12:54,2016/8/11 12:59,330,1,18688880666
1199,1128,6,1486,1007,192,8,192,2016/8/21 21:55,2016/8/21 22:04,330,1,18688880318
1263,1420,5,1487,1008,193,7,193,2016/8/7 19:59,2016/8/7 20:04,330,1,18688880619
892,989,2,1481,1002,194,6,194,2016/8/5 13:40,2016/8/5 13:56,330,1,18688880008
1012,1106,8,1491,1012,194,6,194,2016/8/6 17:36,2016/8/6 17:55,330,1,18688880185
425,1114,3,1484,1005,195,6,195,2016/8/21 11:53,2016/8/21 12:01,330,1,18688880114
1227,1549,2,1481,1002,196,9,196,2016/8/6 21:56,2016/8/6 22:01,330,1,18688880748
406,1209,8,1491,1012,196,5,196,2016/8/7 11:45,2016/8/7 11:07,330,1,18688880408
1057,1551,5,1487,1008,196,4,196,2016/8/14 21:39,2016/8/14 21:16,330,1,18688880750
137,1248,4,685,1006,197,9,197,2016/8/3 14:01,2016/8/3 14:05,310,1,18688880446
1143,1158,2,1480,1001,199,7,199,2016/8/14 21:57,2016/8/14 22:09,330,1,18688880287
304,1468,2,1402,1003,200,7,200,2016/8/17 13:15,2016/8/17 13:21,328,1,18688880667
1031,1208,8,1491,1012,201,5,201,2016/8/6 20:19,2016/8/6 20:23,330,1,18688880407
338,982,2,1403,1004,201,6,201,2016/8/9 11:18,2016/8/9 11:27,328,1,18688880001
332,1029,4,1420,1021,201,10,201,2016/8/29 11:47,2016/8/29 11:58,328,1,18688880048
656,1502,2,1482,1003,202,6,202,2016/8/9 20:41,2016/8/9 20:50,330,1,18688880701
1085,1165,6,1487,1008,202,10,202,2016/8/13 20:57,2016/8/13 21:15,330,1,18688880131
343,993,3,1405,1006,202,6,202,2016/8/24 11:49,2016/8/24 11:59,328,1,18688880012
588,1092,5,1487,1008,203,4,203,2016/8/29 19:08,2016/8/29 19:25,330,1,18688880306
1103,1321,4,1485,1006,204,9,204,2016/8/6 19:50,2016/8/6 20:00,330,1,18688880520
830,1076,2,1481,1002,205,6,205,2016/8/27 11:37,2016/8/27 11:45,330,1,18688880201
722,1076,2,1482,1003,205,5,205,2016/8/29 18:59,2016/8/29 19:12,330,1,18688880201
898,1260,4,1483,1004,206,3,206,2016/8/13 13:13,2016/8/13 13:16,330,1,18688880458
1131,1019,6,1489,1010,206,11,206,2016/8/13 20:12,2016/8/13 20:18,330,1,18688880038
470,1131,8,1517,1038,206,5,206,2016/8/24 21:26,2016/8/24 21:43,330,1,18688880319
208,982,3,1435,1036,206,6,206,2016/8/26 13:53,2016/8/26 14:09,328,1,18688880001
778,1020,2,1481,1002,207,6,207,2016/8/6 18:54,2016/8/6 19:08,330,1,18688880039
1095,1130,8,1494,1015,207,8,207,2016/8/27 20:45,2016/8/27 21:01,330,1,18688880219
481,1195,2,1480,1001,208,8,208,2016/8/8 18:08,2016/8/8 18:19,330,1,18688880374
1098,1560,6,1489,1010,210,9,210,2016/8/14 21:04,2016/8/14 21:18,330,1,18688880759
666,1076,2,1482,1003,210,8,210,2016/8/23 17:53,2016/8/23 18:05,330,1,18688880201
368,1125,4,1500,1021,211,6,211,2016/8/2 13:08,2016/8/2 13:22,330,1,18688880317
483,1024,8,1497,1018,211,5,211,2016/8/27 18:23,2016/8/27 18:36,330,1,18688880043
693,1015,3,1483,1004,212,7,212,2016/8/13 19:41,2016/8/13 19:51,330,1,18688880034
389,1523,4,1485,1006,213,6,213,2016/8/12 13:42,2016/8/12 13:49,330,1,18688880722
1058,1031,10,1509,1030,214,6,214,2016/8/28 20:15,2016/8/28 20:22,330,1,18688880050
411,1097,4,1485,1006,214,2,214,2016/8/31 13:29,,330,0,18688880208
163,988,2,1400,1001,217,10,217,2016/8/25 12:15,2016/8/25 12:33,328,1,18688880007
306,1227,3,1403,1004,218,9,218,2016/8/8 11:33,2016/8/8 11:47,328,1,18688880425
297,987,3,1407,1008,219,6,219,2016/8/28 12:34,2016/8/28 12:48,328,1,18688880006
755,1105,3,1484,1005,220,6,220,2016/8/7 17:58,2016/8/7 17:20,330,1,18688880111
1293,1132,2,1482,1003,222,5,222,2016/8/7 20:39,2016/8/7 20:51,330,1,18688880120
861,1178,9,1483,1004,222,4,222,2016/8/13 12:59,2016/8/13 13:16,330,1,18688880357
1104,1118,5,1488,1009,222,7,222,2016/8/28 19:24,2016/8/28 19:44,330,1,18688880215
525,1160,6,1489,1010,223,10,223,2016/8/18 19:35,2016/8/18 19:45,330,1,18688880289
1002,1145,6,467,1009,224,7,224,2016/8/6 17:55,2016/8/6 18:07,304,1,18688880274
242,991,3,1402,1003,224,11,224,2016/8/9 13:26,2016/8/9 13:30,328,1,18688880010
600,1126,4,1483,1004,224,6,224,2016/8/11 18:03,2016/8/11 18:15,330,1,18688880255
627,1077,4,1485,1006,224,5,224,2016/8/26 20:33,2016/8/26 20:42,330,1,18688880301
770,1094,2,1482,1003,225,7,225,2016/8/16 21:08,2016/8/16 21:27,330,1,18688880207
310,1303,2,1402,1003,227,4,227,2016/8/4 11:58,2016/8/4 12:06,328,1,18688880502
1176,1554,4,1484,1005,227,9,227,2016/8/12 20:16,2016/8/12 20:21,330,1,18688880753
811,1555,2,1481,1002,227,5,227,2016/8/20 12:35,2016/8/20 12:51,330,1,18688880754
191,994,4,1404,1005,227,5,227,2016/8/24 11:52,2016/8/24 12:03,328,1,18688880013
744,1403,3,1483,1004,229,5,229,2016/8/16 18:44,2016/8/16 18:59,330,1,18688880602
384,1148,6,1504,1025,231,7,231,2016/8/5 12:23,2016/8/5 12:32,330,1,18688880277
340,1230,3,1407,1008,232,8,232,2016/8/14 12:30,2016/8/14 12:34,328,1,18688880428
581,1262,8,1483,1004,233,9,233,2016/8/18 20:42,2016/8/18 20:53,330,1,18688880460
1230,1106,6,1486,1007,234,8,234,2016/8/27 19:32,2016/8/27 19:39,330,1,18688880211
1084,1106,8,1491,1012,234,7,234,2016/8/28 18:26,2016/8/28 18:39,330,1,18688880211
391,1253,6,1515,1036,236,7,236,2016/8/6 11:58,2016/8/6 12:14,330,1,18688880451
1271,1188,4,1483,1004,236,8,236,2016/8/13 17:49,2016/8/13 18:07,330,1,18688880367
750,1459,2,1481,1002,237,7,237,2016/8/6 17:11,2016/8/6 17:27,330,1,18688880658
193,1084,3,1401,1005,238,8,238,2016/8/2 11:20,2016/8/2 11:33,328,1,18688880163
203,1250,3,1435,1006,238,7,238,2016/8/6 13:13,2016/8/6 13:29,328,1,18688880448
729,1372,3,1484,1005,238,11,238,2016/8/17 18:14,2016/8/17 18:21,330,1,18688880571
1265,1475,8,1492,1013,238,9,238,2016/8/20 19:37,2016/8/20 19:49,330,1,18688880674
1285,1388,5,1487,1008,238,8,238,2016/8/21 18:25,2016/8/21 18:34,330,1,18688880587
539,1110,10,1519,1040,238,6,238,2016/8/30 20:30,2016/8/30 20:43,330,1,18688880312
381,1243,4,1487,1008,239,7,239,2016/8/1 13:15,2016/8/1 13:23,330,1,18688880441
1258,1606,2,1480,1001,240,9,240,2016/8/6 18:51,2016/8/6 19:09,330,1,18688880805
172,1590,3,1409,1005,242,8,242,2016/8/16 13:56,2016/8/16 14:08,328,1,18688880789
571,1170,7,1508,1029,243,5,243,2016/8/8 19:25,2016/8/8 19:35,330,1,18688880299
1313,1119,10,1483,1004,243,6,243,2016/8/27 18:33,2016/8/27 18:42,330,1,18688880315
1059,1423,3,1483,1004,245,6,245,2016/8/14 19:43,2016/8/14 19:53,330,1,18688880622
463,1355,6,1514,1035,245,5,245,2016/8/20 20:23,2016/8/20 20:27,330,1,18688880554
179,992,3,1403,1004,247,9,247,2016/8/29 12:12,2016/8/29 12:22,328,1,18688880011
414,1264,9,1495,1016,248,12,248,2016/8/13 12:56,2016/8/13 13:01,330,1,18688880462
524,1381,8,1518,1039,249,7,249,2016/8/6 20:36,2016/8/6 20:48,330,1,18688880580
545,1117,4,1483,1004,250,9,250,2016/8/5 20:59,2016/8/5 21:15,330,1,18688880196
283,1519,3,1420,1021,250,8,250,2016/8/7 11:04,2016/8/7 11:09,328,1,18688880718
566,1091,3,1483,1004,250,8,250,2016/8/22 17:03,2016/8/22 17:08,330,1,18688880206
1136,1096,4,1484,1005,251,6,251,2016/8/13 21:57,2016/8/13 22:05,330,1,18688880175
182,994,5,1406,1007,251,8,251,2016/8/18 11:30,2016/8/18 11:36,328,1,18688880013
552,1112,8,1492,1013,253,11,253,2016/8/26 17:51,2016/8/26 17:58,330,1,18688880213
1003,1600,2,459,1001,255,10,255,2016/8/7 18:59,2016/8/7 19:13,304,1,18688880799
635,1184,6,1489,1010,255,7,255,2016/8/9 18:00,2016/8/9 18:11,330,1,18688880363
532,1116,9,1483,1004,255,4,255,2016/8/22 17:47,2016/8/22 18:02,330,1,18688880314
1298,1244,2,1482,1003,256,9,256,2016/8/6 18:16,2016/8/6 18:29,330,1,18688880442
810,1335,4,1502,1023,256,9,256,2016/8/20 13:22,2016/8/20 13:27,330,1,18688880534
508,1238,2,1480,1001,259,10,259,2016/8/6 20:37,2016/8/6 20:50,330,1,18688880436
1172,1373,4,1484,1005,259,7,259,2016/8/21 18:07,2016/8/21 18:15,330,1,18688880572
166,986,2,1402,1003,260,7,260,2016/8/2 11:22,2016/8/2 11:30,328,1,18688880005
287,1179,3,1406,1015,261,7,261,2016/8/20 13:41,2016/8/20 13:50,328,1,18688880358
808,1133,3,1502,1023,262,9,262,2016/8/14 12:09,2016/8/14 12:15,330,1,18688880262
647,1094,4,1485,1006,262,9,262,2016/8/31 21:37,2016/8/31 21:55,330,1,18688880207
655,1268,8,1492,1013,263,10,263,2016/8/1 17:32,2016/8/1 17:44,330,1,18688880466
741,1091,4,1484,1005,263,8,263,2016/8/24 17:51,2016/8/24 18:06,330,1,18688880206
1274,1167,4,1483,1004,264,7,264,2016/8/6 20:50,2016/8/6 21:01,330,1,18688880296
419,1071,6,1489,1010,264,6,264,2016/8/31 12:19,2016/8/31 12:29,330,1,18688880096
1138,1223,2,1480,1001,265,9,265,2016/8/7 20:16,2016/8/7 20:22,330,1,18688880422
441,1534,4,1484,1005,265,7,265,2016/8/10 19:35,2016/8/10 19:57,330,1,18688880733
274,997,2,1407,1003,266,9,266,2016/8/25 11:54,2016/8/25 11:59,328,1,18688880016
1093,1471,8,1493,1014,267,6,267,2016/8/14 17:31,2016/8/14 17:36,330,1,18688880670
279,1031,2,1401,1002,267,5,267,2016/8/23 12:19,2016/8/23 12:28,328,1,18688880050
1091,1155,8,1490,1011,268,10,268,2016/8/13 18:05,2016/8/13 18:14,330,1,18688880284
1052,1125,2,1482,1003,268,9,268,2016/8/14 17:59,2016/8/14 18:05,330,1,18688880317
850,1504,2,1480,1001,268,3,268,2016/8/21 12:54,,330,0,18688880703
432,1175,2,1481,1002,269,6,269,2016/8/3 12:52,2016/8/3 13:10,330,1,18688880354
762,1138,4,1500,1021,269,7,269,2016/8/5 17:11,2016/8/5 17:18,330,1,18688880267
1267,1599,4,1483,1004,269,8,269,2016/8/6 21:39,2016/8/6 21:49,330,1,18688880798
476,998,4,1489,1010,269,6,269,2016/8/23 20:02,2016/8/23 20:13,330,1,18688880017
412,1169,5,1487,1008,270,9,270,2016/8/11 11:59,2016/8/11 12:07,330,1,18688880298
361,995,2,1409,1010,270,5,270,2016/8/27 11:15,2016/8/27 11:25,328,1,18688880014
735,1132,2,1481,1002,270,8,270,2016/8/30 18:13,2016/8/30 18:18,330,1,18688880120
1144,1542,3,1484,1005,272,7,272,2016/8/21 18:45,2016/8/21 18:56,330,1,18688880741
1133,1093,4,1484,1005,273,8,273,2016/8/13 20:43,2016/8/13 20:56,330,1,18688880172
1296,1122,10,1497,1018,274,6,274,2016/8/14 20:36,2016/8/14 20:48,330,1,18688880251
1269,1152,8,1504,1025,274,5,274,2016/8/28 21:29,2016/8/28 21:32,330,2,18688880326
544,1084,2,1480,1001,277,7,277,2016/8/15 17:55,2016/8/15 18:07,330,1,18688880104
303,1004,4,1421,1022,277,10,277,2016/8/27 13:57,2016/8/27 14:05,328,1,18688880023
521,1163,8,1517,1038,277,7,277,2016/8/28 19:58,2016/8/28 20:04,330,1,18688880230
1169,1146,4,1484,1005,278,7,278,2016/8/7 20:01,2016/8/7 20:15,330,1,18688880275
349,1305,3,1424,1025,278,8,278,2016/8/13 13:32,2016/8/13 13:47,328,1,18688880504
313,1226,3,1409,1010,279,13,279,2016/8/5 13:35,2016/8/5 13:50,328,1,18688880424
806,1099,4,1484,1005,279,9,279,2016/8/27 11:10,2016/8/27 11:17,330,1,18688880109
542,1154,3,1483,1004,281,9,281,2016/8/16 17:30,2016/8/16 17:49,330,1,18688880283
1141,1567,4,1485,1006,281,15,281,2016/8/20 19:36,2016/8/20 19:47,330,1,18688880766
637,1207,6,1489,1010,282,8,282,2016/8/10 19:55,2016/8/10 20:03,330,1,18688880406
520,1099,4,1483,1004,282,7,282,2016/8/17 18:40,2016/8/17 18:56,330,1,18688880109
1036,1021,7,1492,1013,283,11,283,2016/8/27 19:17,2016/8/27 19:25,330,1,18688880040
1099,1218,6,1488,1009,284,10,284,2016/8/20 18:56,2016/8/20 19:04,330,1,18688880417
312,1251,3,1435,1036,286,7,286,2016/8/8 13:58,2016/8/8 14:09,328,1,18688880449
1163,1537,8,1490,1011,286,10,286,2016/8/20 21:05,2016/8/20 21:16,330,1,18688880736
1210,1161,8,1484,1005,288,5,288,2016/8/20 20:34,2016/8/20 20:45,330,1,18688880290
428,1349,4,1483,1004,289,8,289,2016/8/7 11:14,2016/8/7 11:17,330,1,18688880548
668,1232,8,1499,1020,291,5,291,2016/8/4 18:05,2016/8/4 18:20,330,1,18688880430
1251,1121,8,1490,1011,292,11,292,2016/8/6 18:32,2016/8/6 18:37,330,1,18688880250
597,1545,4,1510,1031,293,9,293,2016/8/17 19:30,2016/8/17 19:43,330,1,18688880744
517,1008,2,1480,1001,294,7,294,2016/8/1 21:11,2016/8/1 21:21,330,1,18688880027
1024,1017,4,1501,1022,295,10,295,2016/8/27 19:06,2016/8/27 19:21,330,1,18688880036
763,1135,4,1484,1005,296,7,296,2016/8/31 18:05,2016/8/31 18:09,330,1,18688880121
888,1113,4,1484,1005,297,8,297,2016/8/21 13:43,2016/8/21 13:46,330,1,18688880313
886,1292,3,1483,1004,298,8,298,2016/8/13 13:04,2016/8/13 13:22,330,1,18688880491
1140,1086,2,1482,1003,298,7,298,2016/8/28 18:56,2016/8/28 19:07,330,1,18688880304
171,1463,3,1403,1004,299,10,299,2016/8/2 13:51,2016/8/2 14:00,328,1,18688880662
859,1394,4,1483,1004,300,9,300,2016/8/20 12:23,2016/8/20 12:32,330,1,18688880593
549,1098,4,1483,1004,300,11,300,2016/8/27 21:50,2016/8/27 21:58,330,1,18688880308
492,1129,9,1509,1030,301,3,301,2016/8/3 18:14,2016/8/3 18:32,330,1,18688880258
421,1225,4,1484,1005,301,9,301,2016/8/12 13:22,2016/8/12 13:28,330,1,18688880423
1048,1124,6,1488,1009,301,7,301,2016/8/14 20:55,2016/8/14 20:27,330,1,18688880217
851,986,6,1486,1007,301,12,301,2016/8/20 11:15,2016/8/20 11:22,330,1,18688880005
791,1288,2,1482,1003,301,8,301,2016/8/21 14:00,2016/8/21 14:11,330,1,18688880487
260,990,4,1421,1022,302,9,302,2016/8/2 12:35,2016/8/2 12:53,328,1,18688880009
216,996,4,1406,1007,303,8,303,2016/8/20 12:37,2016/8/20 12:47,328,1,18688880015
307,1002,3,1414,1006,303,7,303,2016/8/22 13:29,2016/8/22 13:34,328,1,18688880021
329,1001,4,1421,1022,303,12,303,2016/8/27 12:59,2016/8/27 13:15,328,1,18688880020
461,1075,3,1484,1005,303,8,303,2016/8/30 21:46,2016/8/30 21:56,330,1,18688880101
422,1113,8,1490,1011,304,7,304,2016/8/10 11:11,2016/8/10 11:29,330,1,18688880192
719,1162,2,1482,1003,306,7,306,2016/8/2 19:22,2016/8/2 19:38,330,1,18688880291
1238,1205,5,1486,1007,306,12,306,2016/8/20 19:09,2016/8/20 19:15,330,1,18688880404
527,1106,2,1483,1004,306,7,306,2016/8/24 19:47,2016/8/24 19:57,330,1,18688880211
712,1148,5,1487,1008,307,13,307,2016/8/6 18:46,2016/8/6 18:51,330,1,18688880225
646,1582,6,1489,1010,307,9,307,2016/8/15 20:37,2016/8/15 20:52,330,1,18688880781
804,1154,4,1484,1005,307,7,307,2016/8/20 13:25,2016/8/20 13:32,330,1,18688880227
863,1008,5,1486,1007,307,5,307,2016/8/28 12:26,2016/8/28 12:32,330,1,18688880027
1183,1130,6,1486,1007,308,6,308,2016/8/20 20:49,2016/8/20 21:05,330,1,18688880219
1253,1129,6,1489,1010,308,8,308,2016/8/21 19:12,2016/8/21 19:22,330,1,18688880119
644,1161,3,1500,1021,309,5,309,2016/8/15 20:37,2016/8/15 20:47,330,1,18688880290
1154,1012,6,1488,1009,309,7,309,2016/8/20 21:31,2016/8/20 21:41,330,1,18688880031
904,1420,5,1487,1008,310,9,310,2016/8/14 20:55,2016/8/14 21:03,330,1,18688880619
869,1576,4,1484,1005,311,13,311,2016/8/20 12:18,2016/8/20 12:30,330,1,18688880775
1127,1022,6,1486,1007,312,6,312,2016/8/27 17:58,2016/8/27 17:59,330,1,18688880041
774,1138,3,1500,1021,314,8,314,2016/8/10 21:50,2016/8/10 22:04,330,1,18688880122
768,1515,4,1502,1023,314,10,314,2016/8/13 20:58,2016/8/13 21:08,330,1,18688880714
1008,1574,4,1483,1004,315,5,315,2016/8/7 17:55,2016/8/7 18:08,330,1,18688880773
366,1159,7,473,1015,317,7,317,2016/8/11 11:47,,304,0,18688880288
1075,1202,6,1486,1007,317,6,317,2016/8/13 21:55,2016/8/13 22:04,330,1,18688880401
1056,1298,8,1491,1012,317,8,317,2016/8/20 17:10,2016/8/20 17:21,330,1,18688880497
455,1018,4,1485,1006,317,6,317,2016/8/27 18:06,2016/8/27 18:15,330,1,18688880037
489,1147,5,1504,1025,318,7,318,2016/8/21 18:58,2016/8/21 19:04,330,1,18688880125
473,1254,5,1488,1009,319,13,319,2016/8/8 20:04,2016/8/8 20:19,330,1,18688880452
301,1095,3,1430,1031,321,6,321,2016/8/1 11:15,2016/8/1 11:31,328,1,18688880174
205,1017,3,1434,1007,321,8,321,2016/8/26 12:33,2016/8/26 12:51,328,1,18688880036
1223,1155,8,1516,1037,323,8,323,2016/8/27 20:56,2016/8/27 21:05,330,1,18688880327
1277,1130,6,1489,1010,324,10,324,2016/8/21 19:13,2016/8/21 19:28,330,1,18688880219
878,1453,3,1484,1005,325,8,325,2016/8/6 13:12,2016/8/6 13:48,330,1,18688880652
569,1143,6,1488,1009,326,9,326,2016/8/1 17:06,2016/8/1 17:18,330,1,18688880272
1222,1086,3,1484,1005,326,15,326,2016/8/21 20:25,2016/8/21 20:32,330,1,18688880304
756,1147,3,1489,1010,328,5,328,2016/8/14 19:33,2016/8/14 19:47,330,1,18688880125
814,1129,4,1484,1005,331,11,331,2016/8/6 11:49,2016/8/6 11:57,330,1,18688880119
531,1115,6,1480,1001,331,6,331,2016/8/21 21:42,2016/8/21 21:51,330,1,18688880214
511,1163,4,1484,1005,331,9,331,2016/8/24 19:08,2016/8/24 19:23,330,1,18688880230
688,1157,5,1489,1010,332,8,332,2016/8/2 21:04,2016/8/2 21:18,330,1,18688880286
686,1246,4,1502,1023,332,10,332,2016/8/12 20:22,2016/8/12 20:37,330,1,18688880444
266,990,5,1433,1034,335,8,335,2016/8/6 12:28,2016/8/6 12:39,328,1,18688880009
173,1486,4,1406,1007,336,12,336,2016/8/15 12:09,2016/8/15 12:23,328,1,18688880685
499,1157,4,1484,1005,337,10,337,2016/8/22 21:56,2016/8/22 22:08,330,1,18688880228
757,1148,3,1486,1007,337,6,337,2016/8/25 17:39,2016/8/25 17:51,330,1,18688880225
754,1149,4,1483,1004,338,10,338,2016/8/15 17:56,2016/8/15 18:14,330,1,18688880278
298,1098,5,1407,1008,341,10,341,2016/8/11 13:08,2016/8/11 13:20,328,1,18688880177
1022,1092,5,1487,1008,341,9,341,2016/8/21 18:29,2016/8/21 18:39,330,1,18688880306
700,1023,6,1487,1008,341,15,341,2016/8/28 19:08,2016/8/28 19:20,330,1,18688880042
530,1316,8,1516,1037,342,4,342,2016/8/20 19:44,2016/8/20 19:49,330,1,18688880515
615,1261,10,1499,1020,343,8,343,2016/8/3 18:51,2016/8/3 18:56,330,1,18688880459
894,1140,6,1487,1008,345,5,345,2016/8/6 11:20,2016/8/6 11:25,330,1,18688880269
652,1164,3,1485,1006,346,11,346,2016/8/5 18:53,2016/8/5 19:04,330,1,18688880293
1016,1578,3,1483,1004,346,10,346,2016/8/20 20:35,2016/8/20 20:47,330,1,18688880777
1312,1117,10,1496,1017,346,11,346,2016/8/27 20:37,2016/8/27 20:49,330,1,18688880115
1224,1106,3,1483,1004,347,11,347,2016/8/7 19:34,2016/8/7 19:39,330,1,18688880185
410,1131,2,1481,1002,347,9,347,2016/8/22 11:50,2016/8/22 12:01,330,1,18688880319
488,1110,8,1492,1013,349,8,349,2016/8/3 20:05,2016/8/3 20:25,330,1,18688880312
629,1267,2,1480,1001,349,13,349,2016/8/20 18:10,2016/8/20 18:23,330,1,18688880465
1252,1030,6,1487,1008,349,8,349,2016/8/21 21:04,2016/8/21 21:09,330,1,18688880049
823,1020,2,1482,1003,349,5,349,2016/8/28 13:40,2016/8/28 13:55,330,1,18688880039
636,1089,2,1480,1001,349,9,349,2016/8/30 20:52,2016/8/30 21:10,330,1,18688880305
649,1557,7,1496,1017,350,10,350,2016/8/3 21:23,2016/8/3 21:39,330,1,18688880756
845,1524,5,1489,1010,350,12,350,2016/8/20 12:22,2016/8/20 12:28,330,1,18688880723
1279,1248,4,1484,1005,351,11,351,2016/8/14 20:07,2016/8/14 20:17,330,1,18688880446
523,1086,8,1499,1020,351,9,351,2016/8/25 20:47,2016/8/25 20:58,330,1,18688880304
1287,1098,6,1486,1007,351,12,351,2016/8/28 18:12,2016/8/28 18:19,330,1,18688880308
689,1090,5,1489,1010,353,6,353,2016/8/15 21:48,2016/8/15 21:59,330,1,18688880106
792,1583,4,1484,1005,353,8,353,2016/8/21 13:20,2016/8/21 13:26,330,1,18688880782
1159,1153,4,1484,1005,354,5,354,2016/8/7 21:15,2016/8/7 21:20,330,1,18688880127
667,1128,10,1497,1018,354,11,354,2016/8/13 18:22,2016/8/13 18:27,330,1,18688880257
893,1581,2,1482,1003,355,6,355,2016/8/14 12:35,2016/8/14 12:45,330,1,18688880780
534,1132,2,1480,1001,356,10,356,2016/8/9 18:00,2016/8/9 18:08,330,1,18688880261
1065,1196,4,1484,1005,359,10,359,2016/8/13 17:22,2016/8/13 17:34,330,1,18688880375
829,1220,3,1483,1004,360,7,360,2016/8/6 13:16,2016/8/6 13:24,330,1,18688880419
1272,1155,6,1517,1038,360,11,360,2016/8/14 19:30,2016/8/14 19:35,330,1,18688880327
781,1089,6,1492,1013,361,10,361,2016/8/28 11:24,2016/8/28 11:36,330,1,18688880305
691,1087,10,1497,1018,363,8,363,2016/8/22 17:08,2016/8/22 17:15,330,1,18688880105
573,1337,4,1485,1006,364,9,364,2016/8/5 19:29,2016/8/5 19:44,330,1,18688880536
726,1145,4,1483,1004,364,12,364,2016/8/11 17:37,2016/8/11 17:42,330,1,18688880274
176,1017,4,1400,1005,365,7,365,2016/8/29 11:07,2016/8/29 11:21,328,1,18688880036
562,1552,8,1508,1029,366,7,366,2016/8/1 19:44,2016/8/1 19:57,330,1,18688880751
617,1107,4,1485,1006,368,11,368,2016/8/5 22:01,2016/8/5 22:07,330,1,18688880186
512,1122,8,1492,1013,368,9,368,2016/8/8 19:14,2016/8/8 19:28,330,1,18688880316
321,1001,4,1407,1008,369,14,369,2016/8/23 12:27,2016/8/23 12:35,328,1,18688880020
167,988,4,1404,1005,369,13,369,2016/8/24 13:41,2016/8/24 13:57,328,1,18688880007
864,1147,4,1483,1004,371,9,371,2016/8/28 13:06,2016/8/28 13:25,330,1,18688880125
1193,1548,2,1481,1002,373,13,373,2016/8/6 21:56,2016/8/6 22:05,330,1,18688880747
1201,1234,5,1487,1008,374,12,374,2016/8/7 18:29,2016/8/7 18:43,330,1,18688880432
795,1091,3,1484,1005,374,6,374,2016/8/20 11:16,2016/8/20 11:33,330,1,18688880206
906,1572,5,1489,1010,378,9,378,2016/8/7 17:41,2016/8/7 17:52,330,1,18688880771
453,987,5,1488,1009,378,14,378,2016/8/12 18:11,2016/8/21 18:26,330,1,18688880006
190,1480,6,1409,1010,378,10,378,2016/8/14 11:40,2016/8/14 11:53,328,1,18688880679
709,1119,4,1483,1004,378,9,378,2016/8/21 21:44,2016/8/21 21:48,330,1,18688880315
796,1092,5,1488,1009,378,8,378,2016/8/27 13:12,2016/8/27 13:24,330,1,18688880306
613,1451,3,1483,1004,379,9,379,2016/8/2 21:00,2016/8/2 21:10,330,1,18688880650
905,1142,6,1488,1009,379,9,379,2016/8/6 21:16,2016/8/6 21:24,330,1,18688880223
485,1266,9,1499,1020,379,10,379,2016/8/18 20:19,2016/8/18 20:24,330,1,18688880464
577,1150,7,1492,1013,380,7,380,2016/8/1 17:37,2016/8/1 17:50,330,1,18688880279
438,1260,4,1485,1006,380,10,380,2016/8/12 19:55,2016/8/12 20:08,330,1,18688880458
526,1203,8,1492,1013,380,6,380,2016/8/19 20:45,2016/8/19 20:58,330,1,18688880402
826,1131,4,1484,1005,383,6,383,2016/8/7 14:02,2016/8/7 14:09,330,1,18688880260
839,1140,4,1483,1004,383,8,383,2016/8/14 12:14,2016/8/14 12:24,330,1,18688880322
820,1584,4,1484,1005,383,10,383,2016/8/21 13:46,2016/8/21 14:00,330,1,18688880783
495,1149,3,1484,1005,386,9,386,2016/8/17 20:13,2016/8/17 20:24,330,1,18688880325
1040,1122,8,1490,1011,391,8,391,2016/8/27 19:22,2016/8/27 19:36,330,1,18688880316
759,1159,4,1484,1005,392,7,392,2016/8/9 21:42,2016/8/9 21:46,330,1,18688880288
281,997,4,1414,1022,394,21,394,2016/8/3 13:51,2016/8/3 14:09,328,1,18688880016
424,1548,8,1506,1027,394,11,394,2016/8/13 11:11,2016/8/13 11:16,330,1,18688880747
773,1193,4,1484,1005,395,12,395,2016/8/3 20:44,2016/8/3 20:57,330,1,18688880372
469,1111,4,1483,1004,397,9,397,2016/8/8 18:17,2016/8/8 18:21,330,1,18688880190
1013,1211,8,1492,1013,397,10,397,2016/8/13 20:23,2016/8/13 20:31,330,1,18688880410
506,1134,2,1480,1001,397,8,397,2016/8/18 17:26,2016/8/18 17:40,330,1,18688880263
1077,1126,8,1491,1012,397,4,397,2016/8/20 20:12,2016/8/20 20:20,330,1,18688880118
1053,1121,10,1498,1019,398,18,398,2016/8/7 17:42,2016/8/7 17:57,330,1,18688880250
568,1245,4,1483,1004,398,11,398,2016/8/7 18:21,2016/8/7 18:27,330,1,18688880443
435,1071,8,1508,1029,398,11,398,2016/8/23 13:05,2016/8/23 13:28,330,1,18688880096
1158,1029,4,1484,1005,399,8,399,2016/8/28 19:29,2016/8/28 19:43,330,1,18688880048
346,1520,5,1412,1013,401,10,401,2016/8/11 12:07,2016/8/11 12:22,328,1,18688880719
311,1086,4,1424,1025,402,12,402,2016/8/6 12:57,2016/8/6 13:13,328,1,18688880165
537,1378,8,1507,1028,403,11,403,2016/8/9 20:41,2016/8/9 20:47,330,1,18688880577
643,1503,7,1507,1028,403,14,403,2016/8/13 18:06,2016/8/13 18:12,330,1,18688880702
436,989,4,1483,1004,403,9,403,2016/8/20 19:03,2016/8/20 19:13,330,1,18688880008
457,1125,4,1503,1024,404,10,404,2016/8/13 19:23,2016/8/13 19:38,330,1,18688880317
1244,1433,4,1501,1022,404,15,404,2016/8/20 18:14,2016/8/20 18:24,330,1,18688880632
1107,1118,1,1481,1002,404,12,404,2016/8/27 19:27,2016/8/27 19:44,330,1,18688880215
872,1162,6,1489,1010,405,12,405,2016/8/6 13:47,2016/8/6 14:05,330,1,18688880130
1268,1553,8,1493,1014,405,11,405,2016/8/7 20:55,2016/8/7 21:12,330,1,18688880752
430,1465,4,1484,1005,405,13,405,2016/8/8 12:27,2016/8/8 12:32,330,1,18688880665
494,1310,10,1519,1040,405,15,405,2016/8/17 18:15,2016/8/17 18:30,330,1,18688880509
1216,1026,6,1488,1009,405,11,405,2016/8/27 17:50,2016/8/27 18:05,330,1,18688880045
553,1088,6,1505,1026,406,13,406,2016/8/16 17:18,2016/8/16 17:24,330,1,18688880205
676,1113,3,1485,1006,406,14,406,2016/8/24 19:34,2016/8/24 19:43,330,1,18688880313
682,1144,6,1489,1010,407,8,407,2016/8/5 18:24,2016/8/5 18:41,330,1,18688880273
751,1228,6,1486,1007,407,14,407,2016/8/9 17:37,2016/8/9 17:49,330,1,18688880426
503,1551,2,1482,1003,407,11,407,2016/8/19 21:46,2016/8/19 21:56,330,1,18688880750
1049,1123,4,1484,1005,408,11,408,2016/8/7 18:58,2016/8/7 18:46,330,1,18688880117
611,1098,4,1483,1004,408,8,408,2016/8/26 17:48,2016/8/26 18:05,330,1,18688880308
640,1291,2,1482,1003,409,9,409,2016/8/18 20:12,2016/8/18 20:27,330,1,18688880490
1023,1094,2,1482,1003,409,7,409,2016/8/21 19:58,2016/8/21 20:07,330,1,18688880207
736,1154,4,1500,1021,410,6,410,2016/8/18 18:51,2016/8/18 18:59,330,1,18688880227
868,1133,4,1484,1005,410,13,410,2016/8/27 12:38,2016/8/27 12:52,330,1,18688880220
609,1110,6,1489,1010,411,8,411,2016/8/23 17:58,2016/8/23 18:14,330,1,18688880312
595,1214,4,1512,1033,416,7,416,2016/8/10 17:33,2016/8/10 17:51,330,1,18688880413
400,1080,6,1486,1007,416,9,416,2016/8/24 11:16,2016/8/24 11:34,330,1,18688880302
1165,1163,2,1481,1002,416,11,416,2016/8/27 20:35,2016/8/27 20:47,330,1,18688880230
416,1117,2,1480,1001,418,12,418,2016/8/10 11:09,2016/8/10 11:17,330,1,18688880196
1014,1151,6,1486,1007,419,11,419,2016/8/7 20:39,2016/8/7 20:55,330,1,18688880280
816,1160,6,1487,1008,419,10,419,2016/8/27 11:35,2016/8/27 11:43,330,1,18688880229
196,1545,6,1411,1012,420,13,420,2016/8/17 11:29,2016/8/17 11:49,328,1,18688880744
1047,1029,4,1485,1006,421,11,421,2016/8/21 20:56,2016/8/21 21:02,330,1,18688880048
1039,1010,4,1484,1005,421,11,421,2016/8/28 20:28,2016/8/28 20:44,330,1,18688880029
1110,1508,3,1511,1032,424,12,424,2016/8/13 18:21,2016/8/13 18:31,330,1,18688880707
308,1229,4,1407,1008,425,13,425,2016/8/13 13:05,2016/8/13 13:23,328,1,18688880427
790,1362,4,1501,1022,425,16,425,2016/8/21 13:57,2016/8/21 14:11,330,1,18688880561
801,1026,4,1502,1023,425,8,425,2016/8/28 12:29,2016/8/28 12:40,330,1,18688880045
732,1153,5,1487,1008,426,14,426,2016/8/10 20:14,2016/8/10 20:19,330,1,18688880282
594,1402,6,1503,1024,427,8,427,2016/8/7 17:54,2016/8/7 17:59,330,1,18688880601
1208,1182,2,1481,1002,430,12,430,2016/8/7 21:35,2016/8/7 21:44,330,1,18688880361
1005,1016,5,465,1007,430,9,430,2016/8/27 19:26,2016/8/27 19:37,304,1,18688880035
1316,1149,4,1483,1004,430,9,430,2016/8/28 21:59,2016/8/28 22:10,330,1,18688880325
462,1187,7,1490,1011,431,13,431,2016/8/1 18:45,2016/8/1 18:49,330,1,18688880366
701,1550,6,1489,1010,431,11,431,2016/8/14 21:37,,330,0,18688880749
630,1173,8,1492,1013,432,7,432,2016/8/12 20:27,2016/8/12 20:41,330,1,18688880352
1229,1559,5,1489,1010,432,14,432,2016/8/13 21:12,2016/8/13 21:19,330,1,18688880758
785,1104,4,1484,1005,433,11,433,2016/8/27 12:02,2016/8/27 12:15,330,1,18688880310
484,1454,4,1502,1023,435,12,435,2016/8/6 18:01,2016/8/6 18:14,330,1,18688880653
1187,1075,6,1489,1010,435,18,435,2016/8/28 19:36,2016/8/28 19:52,330,1,18688880101
1137,1535,3,1512,1033,436,11,436,2016/8/20 19:49,2016/8/20 19:56,330,1,18688880734
587,1095,8,1518,1039,438,8,438,2016/8/11 18:16,2016/8/11 18:23,330,1,18688880174
1324,1380,8,1507,1028,438,13,438,2016/8/20 18:52,2016/8/20 18:59,330,1,18688880579
1315,1119,5,1489,1010,439,13,439,2016/8/13 20:32,2016/8/13 20:39,330,1,18688880315
1096,1464,3,1484,1005,440,13,440,2016/8/7 21:34,2016/8/7 21:28,330,1,18688880663
748,1137,6,1486,1007,441,10,441,2016/8/9 18:40,2016/8/9 18:54,330,1,18688880266
486,1156,7,1492,1013,443,12,443,2016/8/1 20:31,2016/8/1 20:36,330,1,18688880285
454,1473,10,1495,1016,444,13,444,2016/8/7 19:03,2016/8/7 19:14,330,1,18688880672
1309,1443,6,1486,1007,445,15,445,2016/8/6 20:51,2016/8/6 20:59,330,1,18688880642
876,1271,6,1492,1013,445,15,445,2016/8/20 12:18,2016/8/20 12:30,330,1,18688880469
1255,1417,8,1491,1012,446,12,446,2016/8/20 17:57,2016/8/20 17:26,330,1,18688880616
206,1002,4,1405,1006,447,9,447,2016/8/26 13:14,2016/8/26 13:19,328,1,18688880021
1045,1151,2,1482,1003,447,10,447,2016/8/28 21:05,2016/8/28 21:20,330,1,18688880226
1147,1211,5,1488,1009,448,11,448,2016/8/11 17:03,2016/8/11 17:21,330,1,18688880410
556,1114,4,1505,1026,449,10,449,2016/8/27 20:48,2016/8/27 20:59,330,1,18688880114
170,1539,4,1404,1005,450,12,450,2016/8/12 13:33,2016/8/12 13:39,328,1,18688880738
1106,1190,8,1490,1011,450,9,450,2016/8/20 20:42,2016/8/20 20:56,330,1,18688880369
418,1117,4,1485,1006,451,4,451,2016/8/24 13:00,2016/8/24 13:10,330,1,18688880115
403,1108,8,1490,1011,451,9,451,2016/8/26 11:24,2016/8/26 11:43,330,1,18688880112
714,1342,6,1488,1009,452,16,452,2016/8/19 21:53,2016/8/19 21:58,330,1,18688880541
697,1098,6,1487,1008,452,12,452,2016/8/29 21:27,2016/8/29 21:45,330,1,18688880308
739,1185,5,1486,1007,455,14,455,2016/8/7 17:24,2016/8/7 17:35,330,1,18688880364
529,1418,6,1487,1008,455,9,455,2016/8/21 18:02,2016/8/21 18:33,330,1,18688880617
1097,1077,2,1481,1002,455,19,455,2016/8/27 20:44,2016/8/27 20:50,330,1,18688880301
567,1406,6,1487,1008,456,14,456,2016/8/14 20:15,2016/8/14 20:22,330,1,18688880605
1217,1015,2,1481,1002,456,12,456,2016/8/20 19:11,2016/8/20 19:24,330,1,18688880034
345,984,6,1411,1012,456,15,456,2016/8/25 11:32,2016/8/25 11:46,328,1,18688880003
320,1538,3,1421,1022,457,7,457,2016/8/3 13:03,2016/8/3 13:18,328,1,18688880737
848,1131,6,1489,1010,458,10,458,2016/8/6 13:41,2016/8/6 13:47,330,1,18688880260
1082,1157,4,1484,1005,458,15,458,2016/8/6 20:29,2016/8/6 20:41,330,1,18688880286
1321,1078,6,1487,1008,458,7,458,2016/8/20 17:25,2016/8/20 17:30,330,1,18688880102
1245,1122,9,1495,1016,459,15,459,2016/8/13 18:20,2016/8/13 18:34,330,1,18688880316
606,1108,8,1518,1039,459,13,459,2016/8/27 19:32,2016/8/27 19:19,330,1,18688880112
658,1021,3,1485,1006,459,15,459,2016/8/28 17:56,2016/8/28 18:05,330,1,18688880040
603,1102,3,1485,1006,459,11,459,2016/8/30 19:30,2016/8/30 19:45,330,1,18688880110
397,1347,5,1488,1009,460,10,460,2016/8/17 12:39,2016/8/17 12:59,330,1,18688880546
1289,1261,6,1488,1009,465,6,465,2016/8/14 19:15,2016/8/14 19:19,330,1,18688880459
1200,1149,3,1500,1021,465,9,465,2016/8/27 18:34,2016/8/27 18:41,330,1,18688880325
335,1007,5,1412,1013,465,11,465,2016/8/28 11:53,2016/8/28 11:59,328,1,18688880026
180,1023,4,1405,1006,465,14,465,2016/8/29 11:16,2016/8/29 11:21,328,1,18688880042
415,1166,4,1502,1023,466,10,466,2016/8/1 12:51,2016/8/1 13:08,330,1,18688880231
858,1028,4,1484,1005,467,12,467,2016/8/28 12:31,2016/8/28 12:44,330,1,18688880047
272,1007,5,1401,1035,469,13,469,2016/8/15 12:59,2016/8/15 13:05,328,1,18688880026
382,1206,6,1486,1007,470,10,470,2016/8/5 12:38,2016/8/5 12:48,330,1,18688880405
1219,1153,10,1497,1018,470,15,470,2016/8/28 17:06,2016/8/28 17:23,330,1,18688880127
909,991,4,1483,1004,471,4,471,2016/8/7 21:25,2016/8/7 21:30,330,1,18688880010
586,1103,10,1497,1018,471,17,471,2016/8/19 20:29,2016/8/19 20:44,330,1,18688880182
1261,1363,10,1495,1016,472,12,472,2016/8/20 20:23,2016/8/20 20:30,330,1,18688880562
502,1028,10,1496,1017,473,11,473,2016/8/5 20:56,2016/8/5 21:12,330,1,18688880047
767,1137,4,1484,1005,473,8,473,2016/8/22 18:24,2016/8/22 18:41,330,1,18688880321
258,1282,6,1437,1038,474,13,474,2016/8/18 13:20,2016/8/18 13:24,328,1,18688880481
507,1128,8,1506,1027,474,10,474,2016/8/31 17:50,2016/8/31 18:00,330,2,18688880318
718,1221,4,1484,1005,475,9,475,2016/8/14 17:02,2016/8/14 17:13,330,1,18688880420
528,1033,7,1508,1029,475,9,475,2016/8/17 19:13,2016/8/17 19:31,330,1,18688880052
1017,1034,5,1486,1007,475,15,475,2016/8/28 17:33,2016/8/28 17:38,330,1,18688880053
1074,1254,6,1487,1008,477,10,477,2016/8/13 17:48,2016/8/13 18:01,330,1,18688880452
1123,1122,8,1494,1015,480,12,480,2016/8/7 18:05,2016/8/7 18:12,330,1,18688880316
509,1174,5,1489,1010,481,11,481,2016/8/13 21:47,2016/8/13 21:52,330,1,18688880353
789,1080,4,1486,1007,481,9,481,2016/8/28 11:06,2016/8/28 11:10,330,1,18688880302
760,1306,6,1489,1010,482,10,482,2016/8/17 21:55,2016/8/17 22:12,330,1,18688880505
1307,1088,8,1491,1012,482,11,482,2016/8/27 17:58,2016/8/27 18:09,330,1,18688880205
275,1318,2,1422,1002,484,5,484,2016/8/13 12:32,2016/8/13 12:36,328,1,18688880517
788,1407,3,1484,1005,484,12,484,2016/8/20 12:32,2016/8/20 12:47,330,1,18688880606
1025,1082,5,1495,1016,484,13,484,2016/8/28 18:05,2016/8/28 19:00,330,1,18688880203
478,1099,7,1492,1013,485,15,485,2016/8/9 20:04,2016/8/9 20:10,330,1,18688880178
1038,1139,2,1481,1002,486,13,486,2016/8/6 17:20,2016/8/6 17:27,330,1,18688880222
1018,1152,4,1484,1005,487,5,487,2016/8/14 17:45,2016/8/14 17:51,330,1,18688880281
1124,1077,5,1505,1026,487,14,487,2016/8/21 21:15,2016/8/21 21:18,330,1,18688880301
1042,1089,6,1486,1007,491,11,491,2016/8/21 21:03,2016/8/21 21:16,330,1,18688880305
1205,1150,6,1488,1009,492,13,492,2016/8/21 19:08,2016/8/21 19:15,330,1,18688880126
326,987,8,1417,1018,494,13,494,2016/8/26 11:20,2016/8/26 11:39,328,1,18688880006
824,1601,3,1484,1005,495,8,495,2016/8/6 11:16,2016/8/6 11:47,330,1,18688880800
880,1112,5,1486,1007,495,9,495,2016/8/28 13:52,2016/8/28 14:08,330,1,18688880213
650,1212,3,1485,1006,498,15,498,2016/8/2 18:19,2016/8/2 18:27,330,1,18688880411
835,1073,6,1486,1007,499,11,499,2016/8/27 13:43,2016/8/27 13:50,330,1,18688880098
1264,1482,6,1488,1009,500,10,500,2016/8/7 17:52,2016/8/7 18:04,330,1,18688880681
1276,1516,4,1483,1004,500,8,500,2016/8/14 20:21,2016/8/14 20:29,330,1,18688880715
547,1018,3,1485,1006,501,16,501,2016/8/4 17:35,2016/8/4 17:55,330,1,18688880037
1090,1346,3,1485,1006,502,13,502,2016/8/13 17:24,2016/8/13 17:40,330,1,18688880545
711,1034,6,1486,1007,503,7,503,2016/8/7 20:42,2016/8/7 20:58,330,1,18688880053
818,1109,4,1484,1005,503,8,503,2016/8/13 13:25,2016/8/13 13:37,330,1,18688880188
501,1158,6,1515,1036,504,15,504,2016/8/24 19:12,2016/8/24 19:30,330,1,18688880328
1254,1127,2,1480,1001,505,13,505,2016/8/21 17:48,2016/8/21 18:01,330,1,18688880218
388,1068,10,1509,1030,505,16,505,2016/8/22 13:29,2016/8/22 13:43,330,1,18688880093
725,1236,5,1489,1010,506,10,506,2016/8/18 19:57,2016/8/18 20:09,330,1,18688880434
831,1096,5,1488,1009,507,13,507,2016/8/5 12:33,2016/8/5 12:49,330,1,18688880175
1314,1130,8,1490,1011,508,12,508,2016/8/6 21:32,2016/8/6 21:38,330,1,18688880259
1291,1126,6,1486,1007,508,16,508,2016/8/21 20:11,2016/8/21 20:28,330,1,18688880118
623,1108,2,1480,1001,510,15,510,2016/8/12 19:05,2016/8/12 19:16,330,1,18688880187
433,1109,8,1490,1011,511,14,511,2016/8/1 13:38,2016/8/1 13:50,330,1,18688880212
684,1094,8,1492,1013,511,9,511,2016/8/12 18:05,2016/8/12 18:28,330,1,18688880173
654,1073,6,1489,1010,511,16,511,2016/8/13 19:11,2016/8/13 19:17,330,1,18688880098
1102,1199,2,1480,1001,511,8,511,2016/8/20 18:15,2016/8/20 18:21,330,1,18688880378
910,1151,6,1487,1008,511,8,511,2016/8/27 20:37,2016/8/27 20:54,330,1,18688880226
370,1121,6,1490,1011,512,11,512,2016/8/21 11:47,2016/8/21 11:55,330,1,18688880216
1162,1447,2,1482,1003,513,14,513,2016/8/7 20:21,2016/8/7 20:34,330,1,18688880646
809,1103,5,1487,1008,514,15,514,2016/8/14 11:37,2016/8/14 11:40,330,1,18688880210
659,1119,6,1505,1026,515,16,515,2016/8/26 17:49,2016/8/26 17:58,330,1,18688880315
882,1192,6,1487,1008,516,10,516,2016/8/13 12:39,2016/8/13 12:50,330,1,18688880371
817,1125,6,1486,1007,517,18,517,2016/8/13 11:06,2016/8/13 11:18,330,1,18688880254
771,1195,6,1489,1010,517,12,517,2016/8/20 18:28,2016/8/20 18:35,330,1,18688880374
317,1091,5,1430,1031,523,13,523,2016/8/3 13:06,2016/8/3 13:12,328,1,18688880170
1280,1293,5,1486,1007,527,12,527,2016/8/14 19:41,2016/8/14 19:48,330,1,18688880492
598,1469,8,1490,1011,529,13,529,2016/8/7 21:36,2016/8/7 21:48,330,1,18688880668
1204,1235,3,1488,1009,531,16,531,2016/8/13 20:35,2016/8/13 20:53,330,1,18688880433
204,1073,5,1414,1036,532,13,532,2016/8/23 12:20,2016/8/23 12:35,328,1,18688880098
1089,1272,4,1488,1009,536,12,536,2016/8/21 17:12,2016/8/21 17:22,330,1,18688880470
1080,1150,6,1486,1007,537,12,537,2016/8/20 21:38,2016/8/20 21:41,330,1,18688880279
519,1084,8,1497,1018,543,11,543,2016/8/24 19:18,2016/8/24 19:26,330,1,18688880104
1249,1477,2,1481,1002,545,14,545,2016/8/13 20:23,2016/8/13 20:35,330,1,18688880676
574,1115,6,1489,1010,546,10,546,2016/8/2 19:00,2016/8/2 19:06,330,1,18688880194
838,1126,6,1486,1007,550,13,550,2016/8/27 11:15,2016/8/27 11:24,330,1,18688880118
708,1173,5,1486,1007,551,16,551,2016/8/18 21:10,2016/8/18 21:17,330,1,18688880352
589,1112,6,1489,1010,551,14,551,2016/8/27 19:28,2016/8/27 19:42,330,1,18688880213
387,1095,8,1490,1011,551,16,551,2016/8/30 12:00,2016/8/30 12:12,330,1,18688880307
1173,1016,8,1490,1011,556,17,556,2016/8/6 18:50,2016/8/6 18:36,330,1,18688880035
477,1086,2,1481,1002,558,11,558,2016/8/22 18:32,2016/8/22 18:38,330,1,18688880304
660,1116,6,1489,1010,560,19,560,2016/8/3 20:49,2016/8/3 21:07,330,1,18688880195
662,1314,10,1499,1020,560,10,560,2016/8/10 17:55,2016/8/10 18:09,330,1,18688880513
390,1507,6,1487,1008,560,13,560,2016/8/11 13:26,2016/8/11 13:39,330,1,18688880706
664,1311,6,1489,1010,560,18,560,2016/8/15 20:46,2016/8/15 20:55,330,1,18688880510
559,1027,8,1492,1013,562,15,562,2016/8/22 17:39,2016/8/22 17:45,330,1,18688880046
642,1322,3,1485,1006,565,10,565,2016/8/7 18:04,2016/8/7 18:19,330,1,18688880521
505,1159,8,1492,1013,566,16,566,2016/8/23 17:11,2016/8/23 17:19,330,1,18688880129
825,1171,5,1486,1007,567,11,567,2016/8/13 13:44,2016/8/13 13:58,330,1,18688880350
1112,1497,3,1484,1005,570,19,570,2016/8/14 19:34,2016/8/14 19:49,330,1,18688880696
1011,1255,2,1481,1002,577,10,577,2016/8/9 20:35,2016/8/9 20:52,330,1,18688880453
730,1128,6,1486,1007,577,14,577,2016/8/23 18:34,2016/8/23 18:45,330,1,18688880318
626,1076,3,1483,1004,578,11,578,2016/8/22 19:35,2016/8/22 19:50,330,1,18688880201
1305,1184,2,1481,1002,579,13,579,2016/8/13 20:27,2016/8/13 20:31,330,1,18688880363
217,1033,6,1407,1008,579,15,579,2016/8/23 12:13,2016/8/23 12:21,328,1,18688880052
670,1570,10,1496,1017,580,18,580,2016/8/3 17:10,2016/8/3 17:28,330,1,18688880769
1067,1161,2,1482,1003,581,21,581,2016/8/27 19:24,2016/8/27 19:40,330,1,18688880329
427,1100,2,1482,1003,582,9,582,2016/8/10 12:10,2016/8/10 12:18,330,1,18688880179
350,995,3,1430,1031,584,6,584,2016/8/26 12:23,2016/8/26 12:40,328,1,18688880014
895,984,8,1492,1013,585,11,585,2016/8/20 12:14,2016/8/20 12:26,330,1,18688880003
563,1087,8,1518,1039,585,13,585,2016/8/23 19:23,2016/8/23 19:43,330,1,18688880105
1122,1076,6,1486,1007,586,16,586,2016/8/21 21:01,2016/8/21 21:42,330,1,18688880201
1179,1414,2,1482,1003,587,19,587,2016/8/20 21:35,2016/8/20 21:41,330,1,18688880613
1237,1132,2,1482,1003,587,17,587,2016/8/21 21:18,2016/8/21 21:30,330,1,18688880120
570,1113,8,1517,1038,589,13,589,2016/8/31 21:41,2016/8/31 21:32,330,1,18688880313
1196,1147,5,1486,1007,590,14,590,2016/8/27 20:07,2016/8/27 20:12,330,1,18688880125
720,1325,6,1486,1007,591,15,591,2016/8/20 18:40,2016/8/20 18:52,330,1,18688880524
680,1259,4,1485,1006,592,17,592,2016/8/11 20:43,2016/8/11 20:58,330,1,18688880457
828,1294,5,1486,1007,593,16,593,2016/8/20 12:53,2016/8/20 13:10,330,1,18688880493
518,1156,6,1486,1007,594,12,594,2016/8/25 19:56,2016/8/25 20:09,330,1,18688880128
1194,1131,4,1484,1005,597,15,597,2016/8/28 19:25,2016/8/28 19:43,330,1,18688880319
653,1171,6,1489,1010,598,12,598,2016/8/17 21:26,2016/8/17 21:41,330,1,18688880350
257,1018,6,1438,1039,599,12,599,2016/8/26 13:11,2016/8/26 13:30,328,1,18688880037
1041,1103,4,1484,1005,600,14,600,2016/8/28 18:38,2016/8/28 18:49,330,1,18688880210
578,1404,6,1488,1009,601,10,601,2016/8/5 21:33,2016/8/5 21:38,330,1,18688880603
1282,1300,4,1484,1005,602,15,602,2016/8/7 19:32,2016/8/7 19:47,330,1,18688880499
723,1142,6,1486,1007,602,15,602,2016/8/14 17:07,2016/8/14 17:22,330,1,18688880271
472,1075,4,1511,1032,604,15,604,2016/8/12 19:28,2016/8/12 19:46,330,1,18688880101
802,1528,2,1487,1008,604,7,604,2016/8/14 12:02,2016/8/14 12:18,330,1,18688880727
379,1189,8,1492,1013,604,16,604,2016/8/14 12:37,2016/8/14 12:47,330,1,18688880368
1020,1151,2,1480,1001,605,13,605,2016/8/19 18:33,2016/8/21 18:48,330,1,18688880226
1235,1083,8,1494,1015,605,12,605,2016/8/20 17:59,2016/8/20 18:15,330,1,18688880303
471,1014,2,1481,1002,608,13,608,2016/8/21 20:47,2016/8/21 20:52,330,1,18688880033
456,1104,7,1506,1027,608,16,608,2016/8/25 20:33,2016/8/25 20:51,330,1,18688880310
448,1449,6,1505,1026,609,14,609,2016/8/1 21:37,2016/8/1 21:52,330,1,18688880648
1319,1527,4,1506,1027,610,9,610,2016/8/7 19:18,2016/8/7 19:31,330,1,18688880726
638,1022,4,1483,1004,610,10,610,2016/8/28 20:36,2016/8/28 20:51,330,1,18688880041
1281,1096,6,1487,1008,611,18,611,2016/8/27 20:50,2016/8/27 21:01,330,1,18688880108
800,1159,8,1490,1011,612,9,612,2016/8/6 14:02,2016/8/6 14:12,330,1,18688880129
899,1141,10,1495,1016,612,14,612,2016/8/13 12:18,2016/8/13 12:21,330,1,18688880123
572,1119,2,1482,1003,612,20,612,2016/8/23 17:03,2016/8/23 17:20,330,1,18688880315
675,1086,6,1489,1010,612,14,612,2016/8/23 20:42,2016/8/23 20:48,330,1,18688880304
1306,1120,10,1495,1016,613,18,613,2016/8/20 20:38,2016/8/20 20:55,330,1,18688880116
849,1410,8,1490,1011,614,17,614,2016/8/13 11:38,2016/8/13 11:46,330,1,18688880609
467,1213,10,1495,1016,615,15,615,2016/8/1 19:40,,330,0,18688880412
1046,1132,2,1481,1002,615,15,615,2016/8/27 18:19,2016/8/27 18:57,330,1,18688880120
1203,1313,8,1494,1015,617,16,617,2016/8/7 18:00,2016/8/7 18:17,330,1,18688880512
685,1117,4,1485,1006,617,16,617,2016/8/18 17:18,2016/8/18 17:35,330,1,18688880115
560,1194,5,1504,1025,617,15,617,2016/8/19 20:55,2016/8/21 21:07,330,1,18688880373
395,1021,4,1485,1006,617,13,617,2016/8/31 12:51,2016/8/31 13:02,330,1,18688880040
897,1550,6,1489,1010,619,18,619,2016/8/13 11:22,2016/8/13 11:30,330,1,18688880749
780,1000,6,1488,1009,619,14,619,2016/8/28 13:18,2016/8/28 13:25,330,1,18688880019
1198,1121,3,1501,1022,623,21,623,2016/8/20 18:06,2016/8/20 18:20,330,1,18688880216
1206,1081,8,1492,1013,623,14,623,2016/8/21 18:25,2016/8/21 18:38,330,1,18688880103
840,1144,6,1489,1010,624,15,624,2016/8/7 11:32,2016/8/7 11:38,330,1,18688880273
721,1129,6,1486,1007,624,15,624,2016/8/31 18:28,2016/8/31 18:42,330,1,18688880119
837,1024,6,1486,1007,625,11,625,2016/8/6 11:42,2016/8/6 11:47,330,1,18688880043
1266,1444,8,1490,1011,625,16,625,2016/8/7 18:44,2016/8/7 18:51,330,1,18688880643
1301,1114,2,1482,1003,625,22,625,2016/8/13 20:01,2016/8/13 20:13,330,1,18688880193
1236,1091,4,1483,1004,625,17,625,2016/8/21 20:13,2016/8/21 20:22,330,1,18688880206
1009,1127,4,1483,1004,625,13,625,2016/8/28 21:02,2016/8/28 21:16,330,1,18688880218
460,1224,10,1519,1040,627,14,627,2016/8/10 17:32,2016/8/10 17:39,330,1,18688880479
1109,1280,8,1493,1014,628,24,628,2016/8/7 20:40,2016/8/7 20:49,330,1,18688880478
1260,1265,2,1481,1002,628,15,628,2016/8/14 17:08,2016/8/14 17:24,330,1,18688880463
1100,1167,3,1484,1005,628,15,628,2016/8/14 18:17,2016/8/14 18:22,330,1,18688880296
1142,1080,6,1487,1008,628,13,628,2016/8/27 21:42,2016/8/27 21:47,330,1,18688880302
1299,1082,8,1492,1013,629,16,629,2016/8/27 19:33,2016/8/27 19:39,330,1,18688880203
442,1563,8,1490,1011,630,17,630,2016/8/18 18:05,2016/8/18 18:08,330,1,18688880762
1246,1330,6,1486,1007,631,23,631,2016/8/21 18:42,2016/8/21 18:57,330,1,18688880529
1233,1009,4,1484,1005,631,16,631,2016/8/21 19:48,2016/8/21 20:02,330,1,18688880028
731,1082,5,1489,1010,631,19,631,2016/8/26 18:49,2016/8/26 19:03,330,1,18688880203
900,1215,6,1489,1010,632,11,632,2016/8/20 11:13,2016/8/20 11:45,330,1,18688880414
1055,1090,6,1487,1008,633,15,633,2016/8/21 18:06,2016/8/21 18:22,330,1,18688880106
302,1458,6,1410,1011,634,19,634,2016/8/4 11:05,2016/8/4 11:17,328,1,18688880657
1322,1323,6,1503,1024,635,13,635,2016/8/14 18:15,2016/8/14 18:20,330,1,18688880522
853,1147,6,1486,1007,636,17,636,2016/8/13 13:59,2016/8/13 14:09,330,1,18688880276
1118,1513,2,1480,1001,637,8,637,2016/8/21 18:03,2016/8/21 18:15,330,1,18688880712
437,1015,4,1484,1005,638,15,638,2016/8/21 19:41,,330,0,18688880034
367,1119,4,1483,1004,639,13,639,2016/8/2 12:58,2016/8/2 13:17,330,1,18688880198
1050,1001,4,1485,1006,640,17,640,2016/8/25 17:46,2016/8/25 17:55,330,1,18688880020
1152,1422,5,1487,1008,641,19,641,2016/8/20 20:45,2016/8/20 20:48,330,1,18688880621
447,1609,6,1505,1026,642,19,642,2016/8/6 17:17,2016/8/6 17:28,330,1,18688880808
591,1178,10,1519,1040,643,8,643,2016/8/11 21:20,2016/8/11 21:25,330,1,18688880357
602,1385,6,1489,1010,644,12,644,2016/8/19 17:19,2016/8/19 17:22,330,1,18688880584
1232,1185,8,1493,1014,646,12,646,2016/8/14 19:42,2016/8/14 19:55,330,1,18688880364
742,1597,6,1487,1008,648,11,648,2016/8/4 18:19,2016/8/4 18:27,330,1,18688880796
624,1098,2,1482,1003,648,14,648,2016/8/19 18:49,2016/8/19 19:00,330,1,18688880177
639,1075,6,1489,1010,650,16,650,2016/8/26 17:48,2016/8/26 17:54,330,1,18688880101
195,1252,6,1428,1029,652,16,652,2016/8/17 11:45,2016/8/17 11:54,328,1,18688880450
908,1006,6,1503,1024,655,9,655,2016/8/21 20:44,2016/8/21 20:53,330,1,18688880025
1290,1558,7,1499,1020,656,15,656,2016/8/6 18:47,2016/8/6 18:57,330,1,18688880757
558,1030,7,1507,1028,656,7,656,2016/8/28 18:37,2016/8/28 18:54,330,1,18688880049
500,1409,4,1485,1006,657,13,657,2016/8/6 17:36,2016/8/6 17:40,330,1,18688880608
585,1181,4,1483,1004,659,10,659,2016/8/2 20:14,2016/8/2 20:25,330,1,18688880360
620,1091,2,1482,1003,659,12,659,2016/8/8 20:03,2016/8/8 20:14,330,1,18688880170
871,1562,8,1491,1012,661,18,661,2016/8/7 11:13,2016/8/7 11:23,330,1,18688880761
1270,1153,4,1510,1031,663,12,663,2016/8/20 17:15,2016/8/20 17:34,330,1,18688880127
1180,1461,6,1486,1007,665,21,665,2016/8/14 18:33,2016/8/14 18:38,330,1,18688880660
1286,1235,5,1489,1010,667,22,667,2016/8/14 18:04,2016/8/14 18:20,330,1,18688880433
1292,1093,8,1491,1012,667,17,667,2016/8/20 21:12,2016/8/20 21:19,330,1,18688880107
1221,1135,5,1484,1005,669,22,669,2016/8/21 20:26,2016/8/21 20:41,330,1,18688880121
883,1088,7,1491,1012,670,18,670,2016/8/28 13:07,2016/8/28 13:20,330,1,18688880205
1231,1257,5,1488,1009,672,13,672,2016/8/20 19:12,2016/8/20 19:18,330,1,18688880455
1215,1151,2,1481,1002,672,20,672,2016/8/21 19:28,2016/8/21 19:38,330,1,18688880226
786,1549,6,1486,1007,675,15,675,2016/8/13 11:18,2016/8/13 11:29,330,1,18688880748
1241,1021,7,1491,1012,675,26,675,2016/8/20 17:04,2016/8/20 17:11,330,1,18688880040
1273,1099,4,1483,1004,675,15,675,2016/8/28 18:46,2016/8/28 19:02,330,1,18688880109
665,1103,7,1516,1037,677,15,677,2016/8/22 17:06,2016/8/22 17:53,330,1,18688880210
1006,1295,6,1489,1010,678,16,678,2016/8/21 18:31,2016/8/21 18:47,330,1,18688880494
564,1302,2,1480,1001,679,20,679,2016/8/18 21:52,2016/8/18 22:01,330,1,18688880501
1209,1020,8,1492,1013,679,17,679,2016/8/27 17:56,2016/8/27 17:14,330,1,18688880039
641,1095,8,1492,1013,679,12,679,2016/8/31 21:23,2016/8/31 21:31,330,1,18688880307
1155,1143,8,1494,1015,680,23,680,2016/8/21 19:49,2016/8/21 20:06,330,1,18688880323
1275,1101,8,1491,1012,680,21,680,2016/8/28 21:43,2016/8/28 21:51,330,1,18688880309
1211,1607,8,1493,1014,682,14,682,2016/8/7 20:11,2016/8/7 20:24,330,1,18688880806
536,1142,4,1483,1004,684,15,684,2016/8/10 20:03,2016/8/10 20:15,330,1,18688880271
614,1019,6,1505,1026,685,10,685,2016/8/28 20:49,2016/8/28 20:54,330,1,18688880038
1072,1301,6,1486,1007,688,18,688,2016/8/20 18:07,2016/8/20 18:31,330,1,18688880500
855,1598,8,1491,1012,689,13,689,2016/8/6 13:40,2016/8/6 13:48,330,1,18688880797
464,1108,2,1482,1003,689,16,689,2016/8/25 19:24,2016/8/25 19:40,330,1,18688880112
673,1221,6,1492,1013,690,10,690,2016/8/4 20:34,2016/8/4 20:50,330,1,18688880420
409,1108,4,1485,1006,690,20,690,2016/8/11 12:55,2016/8/11 13:09,330,1,18688880187
604,1105,6,1489,1010,690,19,690,2016/8/24 20:55,2016/8/24 21:08,330,1,18688880111
451,1488,10,1519,1040,693,17,693,2016/8/5 20:00,2016/8/5 20:07,330,1,18688880687
314,1088,8,1438,1039,694,23,694,2016/8/10 11:58,2016/8/10 12:03,328,1,18688880167
857,1517,6,1489,1010,694,15,694,2016/8/20 11:45,2016/8/20 11:57,330,1,18688880716
645,1479,4,1492,1013,695,15,695,2016/8/18 17:22,2016/8/18 17:38,330,1,18688880678
474,1172,2,1480,1001,698,11,698,2016/8/7 19:04,2016/8/7 19:19,330,1,18688880351
832,1176,8,1491,1012,698,18,698,2016/8/20 11:23,2016/8/20 11:34,330,1,18688880355
429,1452,4,1501,1022,699,15,699,2016/8/1 13:17,2016/8/1 13:34,330,1,18688880651
504,1125,4,1510,1031,699,14,699,2016/8/8 21:03,2016/8/8 21:17,330,1,18688880317
596,1217,4,1485,1006,699,8,699,2016/8/18 21:29,2016/8/18 21:43,330,1,18688880416
1164,1162,5,1489,1010,699,20,699,2016/8/27 21:56,2016/8/27 22:15,330,1,18688880130
458,1455,2,1480,1001,700,14,700,2016/8/1 19:27,2016/8/1 19:31,330,1,18688880654
827,1009,8,1491,1012,701,14,701,2016/8/28 11:46,2016/8/28 11:57,330,1,18688880028
450,1116,6,1504,1025,701,23,701,2016/8/28 19:35,2016/8/28 19:45,330,1,18688880314
766,1156,6,1489,1010,702,14,702,2016/8/15 21:35,2016/8/15 21:42,330,1,18688880285
490,1338,6,1503,1024,703,12,703,2016/8/19 20:03,2016/8/19 20:17,330,1,18688880537
392,1094,10,1499,1020,704,24,704,2016/8/1 12:58,2016/8/1 13:07,330,1,18688880173
1186,1489,6,1489,1010,704,28,704,2016/8/7 21:54,2016/8/7 22:02,330,1,18688880688
873,1483,8,1491,1012,704,18,704,2016/8/20 12:35,2016/8/20 12:51,330,1,18688880682
383,1105,2,1486,1007,705,17,705,2016/8/4 12:07,2016/8/4 12:26,330,1,18688880184
1139,1114,4,1484,1005,705,22,705,2016/8/7 20:46,2016/8/7 20:58,330,1,18688880193
1302,1551,5,1489,1010,706,22,706,2016/8/6 21:57,2016/8/6 22:01,330,1,18688880750
784,1481,6,1486,1007,706,11,706,2016/8/21 11:57,2016/8/21 12:01,330,1,18688880680
815,1435,6,1486,1007,707,14,707,2016/8/21 11:30,2016/8/21 11:48,330,1,18688880634
737,1197,8,1491,1012,708,10,708,2016/8/10 19:54,2016/8/10 20:02,330,1,18688880376
554,1016,8,1497,1018,708,13,708,2016/8/26 19:48,2016/8/26 19:55,330,1,18688880035
702,994,2,1481,1002,711,14,711,2016/8/23 19:47,2016/8/23 19:52,330,1,18688880013
717,1101,8,1492,1013,712,13,712,2016/8/22 20:19,2016/8/22 20:29,330,1,18688880309
687,1079,5,1489,1010,713,15,713,2016/8/27 18:07,2016/8/27 18:11,330,1,18688880202
1189,1119,4,1484,1005,714,18,714,2016/8/28 21:16,2016/8/28 21:18,330,1,18688880315
891,1139,6,1488,1009,715,7,715,2016/8/13 13:40,2016/8/13 13:49,330,1,18688880222
1184,1120,10,1496,1017,716,18,716,2016/8/6 21:38,2016/8/6 21:42,330,1,18688880199
875,1258,5,1486,1007,716,15,716,2016/8/7 13:32,2016/8/7 13:36,330,1,18688880456
565,1105,6,1489,1010,717,8,717,2016/8/30 20:14,2016/8/30 20:30,330,1,18688880111
533,1118,1,1482,1003,717,11,717,2016/8/31 18:40,2016/8/31 18:57,330,1,18688880215
749,1139,8,1490,1011,718,16,718,2016/8/3 19:47,2016/8/3 20:01,330,1,18688880268
322,993,8,1415,1016,718,19,718,2016/8/29 12:51,2016/8/29 13:00,328,1,18688880012
657,1107,10,1499,1020,718,15,718,2016/8/29 19:06,2016/8/29 19:21,330,1,18688880311
1134,1536,5,1514,1035,719,22,719,2016/8/13 18:38,2016/8/13 18:53,330,1,18688880735
619,1124,6,1489,1010,720,20,720,2016/8/3 20:58,2016/8/3 21:03,330,1,18688880253
836,1448,8,1490,1011,720,13,720,2016/8/7 11:47,2016/8/7 12:02,330,1,18688880647
812,1122,8,1494,1015,720,15,720,2016/8/7 12:08,2016/8/7 12:18,330,1,18688880251
698,1126,8,1491,1012,720,17,720,2016/8/15 18:58,2016/8/15 19:04,330,1,18688880118
434,1377,8,1493,1014,721,16,721,2016/8/6 11:17,2016/8/6 11:31,330,1,18688880576
612,1548,10,1519,1040,723,9,723,2016/8/19 21:11,2016/8/19 21:21,330,1,18688880747
1300,1092,5,1486,1007,727,19,727,2016/8/28 21:53,2016/8/28 21:09,330,1,18688880306
514,1167,10,1498,1019,728,18,728,2016/8/18 19:49,2016/8/18 20:05,330,1,18688880331
599,1102,8,1491,1012,729,19,729,2016/8/31 18:05,2016/8/31 18:18,330,1,18688880110
881,1176,8,1493,1014,730,11,730,2016/8/7 13:33,2016/8/7 13:47,330,1,18688880355
797,1086,7,1492,1013,732,8,732,2016/8/7 12:49,2016/8/7 13:02,330,1,18688880165
799,1548,8,1494,1015,733,14,733,2016/8/13 11:15,2016/8/13 11:24,330,1,18688880747
1192,1147,8,1492,1013,733,18,733,2016/8/20 21:48,2016/8/20 21:52,330,1,18688880125
634,1078,3,1483,1004,733,10,733,2016/8/26 20:44,2016/8/26 20:56,330,1,18688880102
282,1521,6,1417,1033,734,13,734,2016/8/14 11:45,2016/8/14 11:51,328,1,18688880720
710,1147,8,1493,1014,734,12,734,2016/8/26 17:45,2016/8/26 17:51,330,1,18688880125
779,1304,6,1489,1010,735,15,735,2016/8/5 19:18,2016/8/21 19:26,330,1,18688880503
445,1102,8,1492,1013,735,17,735,2016/8/18 20:49,2016/8/18 21:02,330,1,18688880181
692,1155,8,1492,1013,735,10,735,2016/8/31 21:25,2016/8/31 21:33,330,1,18688880327
866,1159,8,1492,1013,736,11,736,2016/8/27 12:02,2016/8/27 12:18,330,1,18688880129
1027,1382,6,1488,1009,737,23,737,2016/8/7 18:35,2016/8/7 18:43,330,1,18688880581
1070,1177,6,1486,1007,738,16,738,2016/8/5 17:20,2016/8/5 17:29,330,1,18688880356
765,1240,8,1493,1014,739,18,739,2016/8/12 19:27,2016/8/12 19:52,330,1,18688880438
487,987,8,1490,1011,739,10,739,2016/8/20 17:51,2016/8/20 17:56,330,1,18688880006
1113,1104,4,1500,1021,740,18,740,2016/8/28 21:02,2016/8/28 21:19,330,1,18688880310
890,1017,6,1486,1007,743,14,743,2016/8/28 11:30,2016/8/28 11:47,330,1,18688880036
583,1290,4,1483,1004,744,13,744,2016/8/19 18:00,2016/8/19 18:15,330,1,18688880489
896,1289,8,1493,1014,744,15,744,2016/8/20 11:52,2016/8/20 12:02,330,1,18688880488
847,1457,8,1490,1011,745,17,745,2016/8/14 12:32,2016/8/14 12:37,330,1,18688880656
761,1107,6,1489,1010,745,16,745,2016/8/27 18:56,2016/8/27 19:09,330,1,18688880311
1234,1359,6,1486,1007,746,14,746,2016/8/14 19:54,2016/8/14 19:59,330,1,18688880558
1175,1541,7,1492,1013,746,15,746,2016/8/20 20:37,2016/8/20 20:52,330,1,18688880740
1156,1150,6,1489,1010,746,20,746,2016/8/28 20:34,2016/8/28 20:39,330,1,18688880126
407,1595,8,1494,1015,747,11,747,2016/8/8 13:53,2016/8/8 14:09,330,1,18688880794
1190,1078,6,1487,1008,747,21,747,2016/8/27 18:20,2016/8/27 18:31,330,1,18688880102
1308,1277,8,1492,1013,749,12,749,2016/8/13 19:12,2016/8/13 19:24,330,1,18688880475
621,1549,7,1492,1013,752,14,752,2016/8/19 21:16,2016/8/19 21:20,330,1,18688880748
1060,1011,6,1488,1009,753,23,753,2016/8/28 21:47,2016/8/28 21:51,330,1,18688880030
1167,1214,2,1482,1003,755,19,755,2016/8/13 17:05,2016/8/13 17:10,330,1,18688880413
580,1400,2,1482,1003,755,12,755,2016/8/21 18:19,2016/8/21 18:31,330,1,18688880599
1149,1263,2,1481,1002,756,22,756,2016/8/6 17:48,2016/8/6 17:34,330,1,18688880461
776,1204,8,1493,1014,760,18,760,2016/8/3 17:31,2016/8/3 17:47,330,1,18688880403
187,1001,8,1415,1016,762,17,762,2016/8/22 11:37,2016/8/22 11:48,328,1,18688880020
380,1587,8,1491,1012,763,16,763,2016/8/19 13:25,2016/8/19 13:41,330,1,18688880786
1323,1208,5,1487,1008,764,15,764,2016/8/7 18:04,2016/8/7 18:44,330,1,18688880407
1304,1087,2,1481,1002,765,19,765,2016/8/27 17:45,2016/8/27 17:50,330,1,18688880105
1288,1207,7,1493,1014,766,17,766,2016/8/6 21:21,2016/8/6 21:32,330,1,18688880406
844,1205,8,1490,1011,766,16,766,2016/8/7 12:16,2016/8/7 12:26,330,1,18688880404
901,1215,8,1492,1013,767,19,767,2016/8/13 11:43,2016/8/13 11:51,330,1,18688880414
625,1085,4,1485,1006,767,19,767,2016/8/15 19:15,2016/8/15 19:26,330,1,18688880164
582,1016,6,1487,1008,768,27,768,2016/8/28 21:17,2016/8/28 21:35,330,1,18688880035
1094,1088,7,1492,1013,769,23,769,2016/8/14 20:15,2016/8/14 20:24,330,1,18688880205
758,1223,7,1491,1012,770,18,770,2016/8/16 21:04,2016/8/16 21:10,330,1,18688880422
821,1086,6,1487,1008,770,15,770,2016/8/27 13:10,2016/8/27 13:15,330,1,18688880304
1262,1141,6,1486,1007,771,12,771,2016/8/21 19:22,2016/8/21 19:30,330,1,18688880123
459,1202,8,1492,1013,773,14,773,2016/8/15 21:54,2016/8/15 22:07,330,1,18688880401
497,1222,7,1490,1011,781,12,781,2016/8/15 19:42,2016/8/15 19:51,330,1,18688880421
907,1143,7,1492,1013,781,14,781,2016/8/28 19:07,2016/8/28 19:11,330,1,18688880323
663,1320,8,1492,1013,782,20,782,2016/8/8 20:21,2016/8/8 20:29,330,1,18688880519
1117,1120,8,1490,1011,783,9,783,2016/8/21 20:27,2016/8/21 20:34,330,1,18688880116
513,1166,8,1492,1013,784,13,784,2016/8/17 18:34,2016/8/17 18:40,330,1,18688880231
887,1256,6,1486,1007,786,15,786,2016/8/13 11:37,2016/8/13 11:30,330,1,18688880454
1066,1160,10,1496,1017,786,15,786,2016/8/28 19:28,2016/8/28 19:58,330,1,18688880229
404,1169,4,1486,1007,788,15,788,2016/8/17 13:58,2016/8/17 14:07,330,1,18688880298
805,1551,8,1490,1011,789,12,789,2016/8/13 11:31,2016/8/13 11:50,330,1,18688880750
1007,1241,8,1490,1011,789,14,789,2016/8/13 20:29,2016/8/13 20:43,330,1,18688880439
1310,1165,2,1482,1003,791,14,791,2016/8/13 21:22,2016/8/13 21:33,330,1,18688880294
1197,1170,6,1488,1009,792,17,792,2016/8/13 18:07,2016/8/13 18:13,330,1,18688880299
865,1130,8,1491,1012,794,19,794,2016/8/6 12:54,2016/8/6 13:10,330,1,18688880219
747,1097,6,1486,1007,795,17,795,2016/8/26 19:48,2016/8/26 19:53,330,1,18688880208
819,1124,6,1488,1009,796,15,796,2016/8/27 13:44,2016/8/27 13:51,330,1,18688880217
1181,1604,6,1488,1009,799,25,799,2016/8/14 20:56,2016/8/14 21:11,330,1,18688880803
1157,1446,4,1484,1005,800,12,800,2016/8/6 20:00,2016/8/6 20:05,330,1,18688880645
884,1383,8,1493,1014,800,13,800,2016/8/21 13:56,2016/8/21 14:07,330,1,18688880582
1153,1142,6,1488,1009,800,23,800,2016/8/21 18:16,2016/8/21 18:33,330,1,18688880223
733,1153,8,1491,1012,800,13,800,2016/8/24 20:08,2016/8/24 20:17,330,1,18688880127
889,1076,8,1493,1014,800,17,800,2016/8/28 12:46,2016/8/28 12:09,330,1,18688880201
672,1089,6,1489,1010,800,24,800,2016/8/31 21:24,2016/8/31 21:56,330,1,18688880305
1004,1105,2,460,1002,801,17,801,2016/8/6 17:35,2016/8/6 17:20,304,1,18688880184
405,1155,8,1517,1038,802,16,802,2016/8/12 12:53,2016/8/12 13:01,330,1,18688880284
1248,1239,6,1486,1007,802,22,802,2016/8/21 17:48,2016/8/21 17:58,330,1,18688880437
696,1097,6,1486,1007,806,16,806,2016/8/29 17:01,2016/8/29 17:10,330,1,18688880208
648,1097,6,1492,1013,807,17,807,2016/8/15 18:34,2016/8/15 18:39,330,1,18688880176
608,1079,6,1489,1010,809,20,809,2016/8/21 21:29,2016/8/21 21:41,330,1,18688880202
1021,1116,8,1491,1012,810,14,810,2016/8/6 18:15,2016/8/6 18:23,330,1,18688880195
769,1102,8,1490,1011,810,26,810,2016/8/19 19:49,2016/8/19 20:07,330,1,18688880110
695,1096,6,1486,1007,810,16,810,2016/8/31 20:25,2016/8/31 20:39,330,1,18688880108
661,1096,8,1492,1013,812,13,812,2016/8/30 20:00,2016/8/30 20:18,330,1,18688880108
593,1189,8,1490,1011,813,12,813,2016/8/4 18:35,2016/8/4 18:45,330,1,18688880368
1185,1172,5,1487,1008,814,16,814,2016/8/14 18:34,2016/8/14 18:42,330,1,18688880351
1126,1118,8,1492,1013,817,22,817,2016/8/6 20:02,2016/8/6 20:06,330,1,18688880197
694,1122,8,1492,1013,819,10,819,2016/8/1 18:26,2016/8/1 18:37,330,1,18688880316
496,1019,4,1485,1006,821,13,821,2016/8/27 17:03,2016/8/27 17:11,330,1,18688880038
783,1350,8,1491,1012,823,22,823,2016/8/14 12:05,2016/8/14 12:22,330,1,18688880549
728,1562,8,1494,1015,823,19,823,2016/8/16 17:13,2016/8/16 17:29,330,1,18688880761
833,1429,8,1490,1011,823,22,823,2016/8/20 13:50,2016/8/19 13:55,330,1,18688880628
716,1112,8,1491,1012,824,16,824,2016/8/10 20:40,2016/8/10 20:57,330,1,18688880191
777,1076,7,1491,1012,824,24,824,2016/8/30 21:49,2016/8/30 21:59,330,1,18688880201
1125,1110,2,1482,1003,826,18,826,2016/8/20 21:53,2016/8/20 22:09,330,1,18688880189
1120,1121,2,1480,1001,827,19,827,2016/8/28 21:59,2016/8/28 22:12,330,1,18688880216
846,1270,8,1490,1011,829,14,829,2016/8/7 13:35,2016/8/7 13:40,330,1,18688880468
1079,1333,2,1481,1002,829,15,829,2016/8/14 19:14,2016/8/14 19:59,330,1,18688880532
764,1466,8,1490,1011,830,13,830,2016/8/10 19:39,2016/8/10 19:47,330,1,18688880664
546,1275,5,1488,1009,832,21,832,2016/8/7 21:57,2016/8/7 22:06,330,1,18688880473
1051,1573,6,1489,1010,835,33,835,2016/8/20 21:22,2016/8/20 21:38,330,1,18688880772
443,1605,10,1488,1009,837,19,837,2016/8/4 21:30,2016/8/4 21:47,330,1,18688880804
420,1509,10,1497,1018,837,17,837,2016/8/20 11:03,2016/8/20 11:10,330,1,18688880708
444,1033,10,1496,1017,837,19,837,2016/8/28 20:43,2016/8/28 20:55,330,1,18688880052
1132,1219,7,1492,1013,838,23,838,2016/8/11 21:41,2016/8/11 21:54,330,1,18688880418
468,1136,2,1480,1001,839,18,839,2016/8/10 18:59,2016/8/10 19:05,330,1,18688880265
1218,1529,6,1489,1010,840,20,840,2016/8/21 18:43,2016/8/21 18:54,330,1,18688880728
628,1602,3,1483,1004,842,20,842,2016/8/8 20:05,2016/8/8 20:17,330,1,18688880801
479,1276,3,1483,1004,843,14,843,2016/8/12 18:51,2016/8/12 19:05,330,1,18688880474
605,1472,6,1489,1010,843,9,843,2016/8/19 20:01,2016/8/19 20:05,330,1,18688880671
746,1550,6,1486,1007,843,16,843,2016/8/19 21:29,2016/8/19 21:44,330,1,18688880749
724,1130,8,1491,1012,845,15,845,2016/8/17 19:53,2016/8/17 20:02,330,1,18688880219
1073,1415,8,1506,1027,847,15,847,2016/8/14 21:14,2016/8/14 21:27,330,1,18688880614
548,1103,6,1489,1010,850,9,850,2016/8/2 18:55,2016/8/2 19:07,330,1,18688880182
607,1165,6,1489,1010,850,15,850,2016/8/7 19:13,2016/8/7 19:25,330,1,18688880294
1062,1127,4,1485,1006,850,20,850,2016/8/14 17:07,2016/8/14 17:19,330,1,18688880218
1115,1603,5,1487,1008,853,26,853,2016/8/11 17:04,2016/8/11 17:14,330,1,18688880802
413,1147,6,1488,1009,854,15,854,2016/8/1 12:42,2016/8/1 12:54,330,1,18688880276
482,1120,7,1490,1011,861,18,861,2016/8/17 18:55,2016/8/17 19:07,330,1,18688880116
1086,1512,6,1489,1010,865,16,865,2016/8/14 19:15,2016/8/14 19:28,330,1,18688880711
1092,1101,8,1491,1012,866,12,866,2016/8/14 17:44,2016/8/14 17:55,330,1,18688880180
1030,1354,6,1488,1009,868,20,868,2016/8/21 18:26,2016/8/21 18:47,330,1,18688880553
618,1123,6,1489,1010,877,12,877,2016/8/9 20:57,2016/8/9 21:15,330,1,18688880252
439,1187,8,1492,1013,878,16,878,2016/8/6 21:27,2016/8/6 21:45,330,1,18688880366
793,1086,6,1488,1009,887,17,887,2016/8/20 12:34,2016/8/20 12:19,330,1,18688880304
1083,1018,6,1488,1009,888,15,888,2016/8/28 18:31,2016/8/28 18:46,330,1,18688880037
386,1160,6,1488,1009,895,9,895,2016/8/6 11:05,2016/8/6 11:17,330,1,18688880229
575,1093,2,1482,1003,908,12,908,2016/8/5 18:41,2016/8/5 18:57,330,1,18688880172
740,1090,8,1490,1011,909,14,909,2016/8/29 20:41,2016/8/29 20:57,330,1,18688880106
555,1439,2,1482,1003,912,16,912,2016/8/10 17:48,2016/8/10 18:03,330,1,18688880638
745,1549,8,1491,1012,915,14,915,2016/8/14 21:18,2016/8/14 21:28,330,1,18688880748
579,1312,8,1492,1013,930,14,930,2016/8/13 21:08,2016/8/13 21:12,330,1,18688880511
1151,1363,6,1487,1008,933,15,933,2016/8/14 21:12,2016/8/14 21:09,330,1,18688880562
1284,1113,8,1491,1012,946,23,946,2016/8/13 17:34,2016/8/13 17:43,330,1,18688880192
902,1083,10,1497,1018,947,23,947,2016/8/28 18:03,2016/8/28 18:38,330,1,18688880303
1295,1130,4,1483,1004,953,29,953,2016/8/14 19:49,2016/8/14 20:04,330,1,18688880259
1087,1028,6,1488,1009,953,24,953,2016/8/26 20:55,2016/8/26 21:09,330,1,18688880047
879,1180,10,1495,1016,955,18,955,2016/8/21 11:33,2016/8/21 11:40,330,1,18688880359
794,1352,8,1490,1011,955,20,955,2016/8/21 13:45,2016/8/21 13:52,330,1,18688880551
1239,1124,8,1490,1011,958,19,958,2016/8/20 19:16,2016/8/20 19:32,330,1,18688880253
318,993,8,1410,1011,958,17,958,2016/8/23 12:20,2016/8/23 12:27,328,1,18688880012
852,1391,8,1492,1013,971,25,971,2016/8/20 12:33,2016/8/20 12:42,330,1,18688880590
1311,1166,5,1488,1009,976,29,976,2016/8/13 19:22,2016/8/13 19:36,330,1,18688880295
1242,1353,4,1483,1004,979,19,979,2016/8/14 18:06,2016/8/14 18:13,330,1,18688880552
681,1183,6,1505,1026,980,20,980,2016/8/5 20:20,2016/8/5 20:37,330,1,18688880362
398,1108,2,1481,1002,980,36,980,2016/8/30 11:16,2016/8/30 11:34,330,1,18688880112
1213,1134,5,1487,1008,982,25,982,2016/8/27 20:07,2016/8/27 20:13,330,1,18688880320
1228,1103,2,1480,1001,986,30,986,2016/8/27 20:34,2016/8/27 20:44,330,1,18688880210
1257,1566,5,1486,1007,989,14,989,2016/8/14 20:51,2016/8/14 21:04,330,1,18688880765
592,1027,4,1483,1004,996,12,996,2016/8/28 21:58,2016/8/28 22:11,330,1,18688880046
690,1274,10,1499,1020,1000,12,1000,2016/8/6 17:27,2016/8/6 17:38,330,1,18688880472
1146,1191,8,1490,1011,1000,27,1000,2016/8/7 21:35,2016/8/7 21:52,330,1,18688880370
803,1307,10,1495,1016,1000,11,1000,2016/8/20 12:21,2016/8/20 12:21,330,1,18688880506
669,1273,2,1480,1001,1006,20,1006,2016/8/4 21:11,2016/8/4 21:27,330,1,18688880471
465,1020,10,1509,1030,1010,27,1010,2016/8/27 17:15,2016/8/27 17:23,330,1,18688880039
394,1213,6,1488,1009,1011,20,1011,2016/8/7 11:16,2016/8/7 11:22,330,1,18688880412
813,1431,10,1497,1018,1018,19,1018,2016/8/20 11:34,2016/8/20 11:52,330,1,18688880630
557,1163,8,1516,1037,1023,30,1023,2016/8/4 21:54,2016/8/4 22:07,330,1,18688880292
822,1117,9,1496,1017,1023,15,1023,2016/8/28 11:20,2016/8/28 11:26,330,1,18688880115
1026,1010,10,1441,1025,1027,24,1027,2016/8/6 17:33,2016/8/6 17:40,329,1,18688880029
1325,1460,2,1481,1002,1027,24,1027,2016/8/6 17:33,,330,0,18688880659
738,1133,10,1509,1030,1027,22,1027,2016/8/16 20:03,2016/8/16 20:12,330,1,18688880220
431,1579,4,1512,1033,1031,16,1031,2016/8/21 11:16,2016/8/21 11:29,330,1,18688880778
1297,1128,6,1486,1007,1031,18,1031,2016/8/28 18:36,2016/8/28 18:52,330,1,18688880318
466,1013,2,1480,1001,1032,19,1032,2016/8/28 18:42,2016/8/28 18:46,330,1,18688880032
1214,1111,4,1484,1005,1034,29,1034,2016/8/27 19:44,2016/8/27 19:55,330,1,18688880113
1129,1168,6,1486,1007,1046,18,1046,2016/8/7 19:02,2016/8/7 19:46,330,1,18688880297
1188,1088,8,1491,1012,1048,21,1048,2016/8/13 18:39,2016/8/13 18:45,330,1,18688880167
1019,1109,8,1492,1013,1048,27,1048,2016/8/27 20:29,2016/8/27 20:41,330,1,18688880212
426,1067,6,1501,1022,1053,26,1053,2016/8/18 13:00,2016/8/18 13:19,330,1,18688880092
752,1025,8,1494,1015,1055,27,1055,2016/8/27 21:30,2016/8/27 21:47,330,1,18688880044
707,1107,8,1491,1012,1060,24,1060,2016/8/17 18:07,2016/8/17 18:18,330,1,18688880186
1150,1008,8,1494,1015,1062,29,1062,2016/8/21 21:38,2016/8/21 21:44,330,1,18688880027
679,1083,9,1509,1030,1064,13,1064,2016/8/25 17:03,2016/8/25 17:10,330,1,18688880303
1148,1092,4,1484,1005,1066,19,1066,2016/8/6 21:13,2016/8/6 21:32,330,1,18688880171
1081,1401,6,1489,1010,1066,20,1066,2016/8/20 19:52,2016/8/20 20:08,330,1,18688880600
1032,1102,8,1490,1011,1072,17,1072,2016/8/21 20:23,2016/8/21 20:40,330,1,18688880110
1318,1154,2,1484,1005,1076,31,1076,2016/8/13 21:39,2016/8/13 21:50,330,1,18688880227
1034,1138,6,1486,1007,1082,19,1082,2016/8/27 19:15,2016/8/27 19:33,330,1,18688880122
1033,1084,2,1482,1003,1083,33,1083,2016/8/14 19:49,2016/8/14 20:04,330,1,18688880163
162,1538,10,1416,1017,1101,18,1101,2016/8/15 11:16,2016/8/15 11:35,328,1,18688880737
551,1086,8,1519,1040,1101,19,1101,2016/8/31 19:14,2016/8/31 19:19,330,1,18688880304
168,990,2,1402,1003,1105,9,1105,2016/8/30 12:07,2016/8/30 12:19,328,1,18688880009
1294,1127,4,1483,1004,1111,25,1111,2016/8/20 19:02,2016/8/20 19:21,330,1,18688880218
1078,1093,8,1492,1013,1113,30,1113,2016/8/28 21:10,2016/8/28 21:15,330,1,18688880107
1178,1351,10,1498,1019,1129,18,1129,2016/8/13 19:33,2016/8/13 19:43,330,1,18688880550
1015,1237,5,1489,1010,1134,20,1134,2016/8/20 17:40,2016/8/20 17:56,330,1,18688880435
561,1015,8,1517,1038,1144,15,1144,2016/8/28 19:28,2016/8/28 19:39,330,1,18688880034
165,1097,10,1439,1040,1147,21,1147,2016/8/9 12:47,2016/8/9 12:58,328,1,18688880176
408,1608,8,1491,1012,1148,15,1148,2016/8/9 11:07,,330,0,18688880807
584,1487,7,1508,1029,1156,21,1156,2016/8/6 18:02,2016/8/6 18:06,330,1,18688880686
1121,1547,4,1484,1005,1156,22,1156,2016/8/6 21:41,2016/8/6 21:52,330,1,18688880746
576,1103,6,1487,1008,1162,22,1162,2016/8/29 18:36,2016/8/29 18:49,330,1,18688880210
1317,1153,8,1490,1011,1210,18,1210,2016/8/6 17:49,2016/8/6 18:08,330,2,18688880127
1119,1216,3,1484,1005,1212,15,1212,2016/8/20 18:37,2016/8/20 18:47,330,1,18688880415
743,1090,10,1496,1017,1214,16,1214,2016/8/15 21:07,2016/8/15 21:26,330,1,18688880169
385,1076,2,1481,1002,1253,16,1253,2016/8/25 11:00,2016/8/25 11:20,330,1,18688880201
1028,1136,2,1482,1003,1270,20,1270,2016/8/21 19:09,2016/8/21 19:24,330,1,18688880221
1071,1165,10,1497,1018,1282,24,1282,2016/8/14 21:41,2016/8/14 21:44,330,1,18688880131
1166,1164,3,1484,1005,1314,24,1314,2016/8/28 17:57,2016/8/28 18:14,330,1,18688880330
